Player,Age,Team,Pos,MIN,"BLK%","","STL%","","FOUL%","","fgOR%","","fgDR%","","ftOR%","","ftDR%",""
"","","","","","%","#","%","#","%","#","%","#","%","#","%","#","%","#"
"Steven Adams",26.2,OKC,Big,1448,63,"2.1%",71,"1.3%",87,"2.7%",95,"13.5%",79,"21.2%",94,"10.1%",31,"22.9%"
"Bam Adebayo",22.2,MIA,Big,2035,56,"1.9%",83,"1.6%",88,"2.7%",56,"8.1%",80,"21.3%",59,"2.9%",81,"42.9%"
"LaMarcus Aldridge",34.2,SAS,Big,1706,71,"2.5%",23,"0.8%",92,"2.6%",40,"6.3%",38,"16.3%",0,"0.0%",21,"19.1%"
"Nickeil Alexander-Walker",21.1,NOP,Combo,444,72,"0.8%",8,"0.9%",25,"3.8%",11,"1.2%",89,"14.0%",0,"0.0%",44,"3.8%"
"Grayson Allen",24.0,MEM,Wing,466,6,"0.1%",4,"0.5%",49,"3.2%",10,"0.8%",70,"11.9%",0,"0.0%",31,"3.6%"
"Jarrett Allen",21.5,BKN,Big,1532,74,"2.6%",35,"1.0%",72,"3.2%",83,"11.4%",84,"21.9%",53,"2.1%",88,"47.2%"
"Al-Farouq Aminu",29.1,ORL,Forward,380,78,"1.1%",87,"2.0%",85,"2.6%",90,"5.4%",76,"15.8%",87,"4.2%",79,"29.4%"
"Kyle Anderson",26.1,MEM,Forward,979,87,"1.2%",78,"1.7%",66,"3.0%",79,"4.7%",69,"14.9%",91,"5.4%",88,"32.8%"
"Giannis Antetokounmpo",24.9,MIL,Big,1621,47,"1.7%",76,"1.4%",85,"2.8%",47,"7.4%",99,"29.3%",58,"2.7%",97,"60.3%"
"Carmelo Anthony",35.4,POR,Big,1467,12,"0.7%",43,"1.0%",75,"3.1%",19,"3.9%",23,"14.1%",0,"0.0%",32,"23.0%"
"OG Anunoby",22.2,TOR,Forward,1697,85,"1.2%",84,"1.9%",57,"3.2%",70,"3.7%",54,"13.1%",94,"7.8%",76,"28.0%"
"Ryan Arcidiacono",25.6,CHI,Wing,843,9,"0.2%",46,"1.2%",23,"4.3%",36,"1.8%",42,"10.1%",0,"0.0%",44,"6.1%"
"Trevor Ariza",34.3,POR,Forward,530,25,"0.5%",94,"2.3%",69,"2.9%",6,"1.4%",33,"11.4%",96,"8.7%",61,"23.1%"
"Trevor Ariza",34.3,SAC,Forward,768,36,"0.6%",82,"1.9%",45,"3.4%",39,"2.7%",70,"15.2%",0,"0.0%",93,"35.7%"
"D.J. Augustin",31.9,ORL,Point,1083,2,"0.0%",20,"1.1%",93,"1.7%",17,"1.4%",15,"7.4%",0,"0.0%",54,"3.9%"
"Deandre Ayton",21.2,PHX,Big,950,75,"2.6%",26,"0.9%",62,"3.6%",92,"12.8%",77,"21.0%",0,"0.0%",90,"49.1%"
"Dwayne Bacon",24.1,CHA,Wing,645,8,"0.2%",63,"1.5%",46,"3.2%",46,"2.1%",71,"12.0%",83,"2.3%",92,"25.8%"
"Marvin Bagley",20.6,SAC,Big,326,55,"1.9%",22,"0.8%",22,"5.3%",60,"8.7%",70,"20.5%",0,"0.0%",34,"23.8%"
"Lonzo Ball",22.0,NOP,Combo,1610,70,"0.7%",74,"1.8%",89,"2.3%",80,"3.4%",97,"14.6%",0,"0.0%",90,"11.6%"
"Mohamed Bamba",21.4,ORL,Big,800,99,"5.4%",35,"1.0%",27,"5.1%",72,"10.0%",62,"19.5%",56,"2.7%",98,"62.5%"
"J.J. Barea",35.3,DAL,Point,273,13,"0.2%",0,"0.5%",74,"2.3%",72,"3.0%",50,"10.0%",0,"0.0%",85,"11.1%"
"Harrison Barnes",27.4,SAC,Forward,2032,9,"0.2%",9,"0.7%",100,"1.4%",34,"2.7%",28,"10.9%",49,"1.0%",10,"8.1%"
"RJ Barrett",19.3,NYK,Wing,1476,42,"0.5%",35,"1.1%",65,"2.8%",64,"2.8%",79,"12.9%",93,"3.5%",80,"19.1%"
"Will Barton",28.8,DEN,Wing,1690,67,"0.8%",60,"1.4%",80,"2.5%",90,"4.5%",87,"14.3%",0,"0.0%",91,"25.3%"
"Keita Bates-Diop",23.7,MIN,Big,613,33,"1.3%",46,"1.1%",99,"1.9%",10,"2.9%",15,"13.2%",0,"0.0%",20,"19.0%"
"Nicolas Batum",30.8,CHA,Wing,488,66,"0.7%",66,"1.6%",31,"3.7%",94,"5.2%",85,"14.0%",0,"0.0%",88,"25.0%"
"Aron Baynes",32.8,PHX,Big,826,32,"1.2%",4,"0.4%",14,"6.0%",52,"7.7%",51,"17.5%",62,"3.1%",46,"27.5%"
"Kent Bazemore",30.3,POR,Wing,1068,92,"1.4%",70,"1.7%",16,"4.6%",17,"1.2%",72,"12.1%",0,"0.0%",85,"22.1%"
"Kent Bazemore",30.3,SAC,Forward,337,76,"1.1%",93,"2.3%",9,"5.3%",42,"2.8%",93,"18.2%",0,"0.0%",96,"40.0%"
"Darius Bazley",19.3,OKC,Big,854,60,"2.0%",26,"0.9%",98,"2.0%",9,"2.4%",46,"17.0%",0,"0.0%",43,"26.7%"
"Bradley Beal",26.3,WAS,Wing,1818,41,"0.5%",54,"1.3%",94,"2.1%",61,"2.7%",38,"9.8%",0,"0.0%",46,"6.2%"
"Malik Beasley",22.9,DEN,Wing,691,18,"0.3%",79,"1.8%",77,"2.5%",20,"1.3%",35,"9.4%",0,"0.0%",53,"7.3%"
"Malik Beasley",22.9,MIN,Wing,266,25,"0.4%",10,"0.8%",56,"3.1%",50,"2.2%",89,"14.5%",0,"0.0%",93,"28.6%"
"Marco Belinelli",33.6,SAS,Wing,696,3,"0.1%",2,"0.5%",86,"2.3%",1,"0.6%",50,"10.4%",0,"0.0%",66,"11.4%"
"Jordan Bell",24.8,MIN,Big,198,74,"2.6%",5,"0.4%",88,"2.7%",88,"12.0%",54,"18.0%",75,"5.3%",15,"16.7%"
"DeAndre' Bembry",25.3,ATL,Combo,860,89,"1.0%",92,"2.4%",26,"3.7%",84,"3.6%",80,"12.7%",0,"0.0%",38,"3.5%"
"Davis Bertans",26.9,WAS,Forward,1386,67,"1.0%",30,"1.0%",52,"3.3%",22,"2.2%",48,"12.6%",79,"3.2%",57,"21.3%"
"Patrick Beverley",31.3,LAC,Point,1180,98,"1.1%",63,"1.7%",11,"4.6%",91,"4.2%",96,"15.1%",98,"6.6%",70,"6.0%"
"Khem Birch",27.0,ORL,Big,731,39,"1.5%",28,"0.9%",57,"3.8%",62,"8.9%",24,"14.4%",0,"0.0%",26,"20.6%"
"Goga Bitadze",20.2,IND,Big,328,88,"3.6%",2,"0.3%",13,"6.0%",33,"5.6%",29,"14.7%",0,"0.0%",8,"11.5%"
"Bismack Biyombo",27.1,CHA,Big,961,70,"2.4%",8,"0.5%",35,"4.5%",90,"12.1%",44,"16.9%",47,"1.6%",67,"35.6%"
"Nemanja Bjelica",31.4,SAC,Big,1676,24,"1.0%",68,"1.3%",38,"4.4%",34,"5.6%",42,"16.6%",71,"4.3%",48,"28.2%"
"Eric Bledsoe",29.8,MIL,Point,1385,96,"0.9%",35,"1.3%",59,"2.7%",67,"2.9%",80,"12.5%",74,"1.0%",93,"14.5%"
"Bogdan Bogdanovic",27.2,SAC,Wing,1339,26,"0.4%",62,"1.5%",51,"3.1%",21,"1.3%",49,"10.3%",0,"0.0%",57,"8.3%"
"Bojan Bogdanovic",30.5,UTA,Forward,1929,3,"0.2%",12,"0.8%",93,"2.1%",19,"2.0%",13,"9.5%",48,"0.9%",60,"23.0%"
"Isaac Bonga",19.9,WAS,Forward,859,72,"1.1%",60,"1.4%",3,"5.7%",91,"5.8%",43,"12.3%",88,"4.5%",64,"24.4%"
"Devin Booker",23.0,PHX,Wing,2077,22,"0.3%",15,"0.8%",72,"2.7%",22,"1.3%",47,"10.2%",0,"0.0%",54,"7.6%"
"Chris Boucher",26.8,TOR,Big,592,89,"3.8%",44,"1.1%",16,"5.9%",91,"12.5%",48,"17.2%",0,"0.0%",53,"29.7%"
"Ky Bowman",22.3,GSW,Point,906,50,"0.5%",76,"2.0%",13,"4.2%",59,"2.4%",46,"9.7%",0,"0.0%",0,"0.0%"
"Avery Bradley",28.9,LAL,Combo,1025,11,"0.2%",59,"1.5%",21,"3.9%",34,"1.7%",11,"8.0%",75,"1.3%",25,"1.8%"
"Tony Bradley",21.8,UTA,Big,413,60,"2.0%",31,"0.9%",4,"7.0%",99,"16.2%",69,"20.4%",95,"10.5%",94,"53.6%"
"Mikal Bridges",23.1,PHX,Wing,1560,83,"1.2%",95,"2.4%",38,"3.5%",79,"3.5%",56,"11.3%",69,"1.4%",65,"10.4%"
"Miles Bridges",21.6,CHA,Forward,1748,82,"1.2%",18,"0.9%",76,"2.7%",76,"4.3%",49,"12.7%",67,"2.0%",70,"26.8%"
"Ryan Broekhoff",29.1,DAL,Forward,132,94,"1.5%",22,"0.9%",15,"4.4%",40,"2.8%",99,"20.3%",0,"0.0%",96,"40.0%"
"Malcolm Brogdon",26.8,IND,Combo,1423,30,"0.3%",20,"1.0%",87,"2.3%",75,"3.1%",77,"12.6%",0,"0.0%",34,"3.0%"
"Dillon Brooks",23.7,MEM,Wing,1706,59,"0.7%",53,"1.3%",6,"5.1%",78,"3.3%",19,"7.8%",70,"1.4%",37,"4.7%"
"Bruce Brown",23.2,DET,Combo,1523,87,"1.0%",69,"1.7%",15,"4.1%",89,"3.9%",84,"13.3%",74,"1.2%",80,"8.8%"
"Jaylen Brown",23.0,BOS,Wing,1652,39,"0.5%",58,"1.4%",39,"3.4%",74,"3.1%",91,"14.8%",88,"2.9%",78,"17.0%"
"Sterling Brown",24.7,MIL,Wing,503,38,"0.5%",57,"1.4%",71,"2.7%",80,"3.6%",97,"18.6%",99,"10.6%",88,"25.0%"
"Troy Brown",20.2,WAS,Wing,1293,10,"0.2%",91,"2.0%",60,"3.0%",83,"3.9%",94,"16.5%",85,"2.5%",87,"24.0%"
"Jalen Brunson",23.1,DAL,Point,954,20,"0.2%",9,"0.9%",61,"2.6%",54,"2.3%",54,"10.5%",0,"0.0%",59,"4.0%"
"Thomas Bryant",22.2,WAS,Big,795,49,"1.7%",11,"0.6%",79,"3.0%",58,"8.6%",66,"20.1%",0,"0.0%",39,"25.6%"
"Reggie Bullock",28.6,NYK,Wing,611,4,"0.1%",76,"1.8%",34,"3.6%",39,"1.9%",12,"7.0%",86,"2.6%",71,"11.9%"
"Trey Burke",26.9,PHI,Point,273,15,"0.2%",13,"1.0%",63,"2.6%",96,"4.6%",17,"7.4%",100,"7.7%",0,"0.0%"
"Alec Burks",28.2,PHI,Combo,117,0,"0.0%",57,"1.5%",54,"3.0%",21,"1.5%",59,"10.7%",0,"0.0%",97,"16.7%"
"Alec Burks",28.2,GSW,Wing,1368,45,"0.6%",64,"1.5%",54,"3.1%",60,"2.6%",83,"13.6%",77,"1.8%",61,"9.2%"
"Deonte Burton",25.7,OKC,Forward,219,99,"2.0%",1,"0.4%",16,"4.3%",10,"1.8%",34,"11.4%",0,"0.0%",39,"14.3%"
"Jimmy Butler",30.1,MIA,Wing,1702,72,"0.9%",92,"2.2%",100,"1.3%",97,"5.8%",90,"14.7%",64,"1.0%",19,"1.0%"
"Bruno Caboclo",24.1,MEM,Big,150,93,"4.1%",94,"2.2%",34,"4.6%",74,"10.1%",27,"14.6%",0,"0.0%",49,"28.6%"
"Kentavious Caldwell-Pope",26.6,LAL,Wing,1449,24,"0.3%",61,"1.5%",64,"2.9%",52,"2.3%",6,"5.7%",92,"3.2%",27,"3.0%"
"Clint Capela",25.4,HOU,Big,1265,77,"2.6%",46,"1.1%",79,"3.0%",92,"12.6%",92,"26.0%",0,"0.0%",62,"33.3%"
"DeMarre Carroll",33.2,SAS,Forward,105,66,"1.0%",15,"0.8%",13,"4.5%",94,"6.2%",97,"18.9%",0,"0.0%",39,"14.3%"
"Jevon Carter",24.1,PHX,Combo,595,69,"0.7%",93,"2.4%",8,"4.3%",77,"3.1%",49,"9.5%",0,"0.0%",93,"13.5%"
"Vince Carter",42.7,ATL,Big,758,47,"1.7%",55,"1.2%",50,"3.9%",3,"1.8%",6,"10.6%",55,"2.6%",60,"32.2%"
"Wendell Carter",20.5,CHI,Big,1125,46,"1.6%",53,"1.1%",32,"4.7%",83,"11.4%",81,"21.6%",0,"0.0%",40,"25.8%"
"Michael Carter-Williams",28.0,ORL,Combo,647,95,"1.4%",100,"2.5%",18,"4.1%",100,"5.3%",85,"13.4%",0,"0.0%",92,"12.1%"
"Alex Caruso",25.6,LAL,Combo,926,85,"0.8%",95,"2.5%",34,"3.5%",16,"1.3%",33,"8.8%",95,"2.4%",70,"7.8%"
"Willie Cauley-Stein",26.2,GSW,Big,918,80,"2.7%",93,"2.2%",36,"4.5%",46,"7.3%",57,"18.4%",56,"2.7%",69,"36.4%"
"Tyson Chandler",37.0,HOU,Big,219,54,"1.8%",47,"1.1%",24,"5.2%",78,"10.5%",54,"18.0%",0,"0.0%",3,"6.7%"
"Wilson Chandler",32.4,BKN,Big,621,23,"0.9%",42,"1.0%",42,"4.2%",3,"1.8%",39,"16.4%",66,"3.7%",29,"22.0%"
"Chris Chiozza",23.9,WAS,Point,102,100,"1.1%",93,"3.0%",0,"5.1%",0,"0.0%",83,"13.1%",0,"0.0%",0,"0.0%"
"Marquese Chriss",22.3,GSW,Big,989,79,"2.7%",78,"1.4%",56,"3.8%",64,"9.1%",60,"18.9%",76,"5.4%",94,"54.9%"
"Gary Clark",24.9,HOU,Big,185,56,"1.9%",7,"0.5%",44,"4.2%",32,"5.6%",12,"12.5%",0,"0.0%",15,"16.7%"
"Gary Clark",24.9,ORL,Wing,157,96,"1.9%",3,"0.5%",92,"2.1%",100,"7.4%",77,"12.7%",0,"0.0%",0,"0.0%"
"Brandon Clarke",23.1,MEM,Big,1044,59,"2.0%",45,"1.1%",83,"2.9%",46,"7.0%",53,"17.8%",71,"4.2%",22,"19.7%"
"Jordan Clarkson",27.4,CLE,Wing,654,51,"0.6%",31,"1.1%",96,"2.0%",76,"3.2%",13,"7.4%",0,"0.0%",25,"2.8%"
"Jordan Clarkson",27.4,UTA,Wing,723,36,"0.5%",50,"1.3%",73,"2.6%",77,"3.3%",26,"8.7%",0,"0.0%",26,"2.9%"
"Nicolas Claxton",20.5,BKN,Big,157,51,"1.7%",3,"0.3%",97,"2.2%",65,"9.1%",2,"9.8%",99,"22.2%",5,"10.0%"
"Chris Clemons",22.2,HOU,Combo,175,82,"0.8%",39,"1.2%",43,"3.2%",8,"1.0%",25,"8.5%",0,"0.0%",0,"0.0%"
"John Collins",22.1,ATL,Big,1163,71,"2.5%",28,"0.9%",56,"3.8%",57,"8.2%",72,"20.7%",69,"3.9%",81,"41.7%"
"Mike Conley",32.0,UTA,Point,1008,17,"0.2%",15,"1.0%",30,"3.3%",52,"2.3%",43,"9.4%",0,"0.0%",59,"4.0%"
"Pat Connaughton",26.8,MIL,Wing,881,89,"1.3%",8,"0.7%",93,"2.1%",92,"4.8%",93,"15.3%",66,"1.2%",22,"2.2%"
"Quinn Cook",26.6,LAL,Combo,310,8,"0.2%",18,"1.0%",92,"2.2%",15,"1.3%",15,"8.1%",98,"4.5%",0,"0.0%"
"Robert Covington",28.8,MIN,Forward,1406,96,"1.6%",96,"2.3%",21,"4.2%",31,"2.6%",85,"16.9%",0,"0.0%",75,"27.7%"
"Robert Covington",28.8,HOU,Big,289,92,"4.1%",71,"1.4%",46,"4.1%",19,"3.7%",58,"18.5%",0,"0.0%",69,"36.4%"
"Allen Crabbe",27.5,ATL,Wing,495,28,"0.4%",41,"1.2%",67,"2.8%",33,"1.6%",30,"8.8%",0,"0.0%",82,"20.0%"
"Allen Crabbe",27.5,MIN,Wing,131,0,"0.0%",0,"0.0%",36,"3.5%",5,"0.7%",37,"9.7%",0,"0.0%",0,"0.0%"
"Torrey Craig",28.8,DEN,Wing,773,97,"2.0%",20,"0.9%",3,"5.4%",96,"5.7%",55,"11.2%",84,"2.4%",95,"31.7%"
"Jae Crowder",29.3,MIA,Big,268,17,"0.8%",99,"2.7%",43,"4.2%",1,"1.5%",56,"18.1%",83,"6.2%",28,"21.4%"
"Jae Crowder",29.3,MEM,Forward,1316,33,"0.5%",63,"1.5%",90,"2.5%",52,"3.0%",82,"16.6%",0,"0.0%",72,"26.9%"
"Jarrett Culver",20.6,MIN,Combo,1307,97,"1.4%",66,"1.6%",49,"3.1%",92,"4.4%",46,"9.3%",0,"0.0%",62,"6.2%"
"Seth Curry",29.1,DAL,Combo,1318,23,"0.3%",25,"1.1%",62,"2.8%",38,"1.8%",13,"8.0%",0,"0.0%",18,"1.3%"
"Stephen Curry",31.6,GSW,Point,112,89,"0.8%",59,"1.7%",57,"2.7%",76,"3.1%",93,"15.0%",0,"0.0%",0,"0.0%"
"Troy Daniels",28.2,LAL,Wing,373,7,"0.1%",7,"0.7%",62,"2.9%",47,"2.2%",7,"6.3%",89,"3.0%",0,"0.0%"
"Anthony Davis",26.6,LAL,Big,1744,88,"3.7%",89,"1.8%",90,"2.7%",44,"6.6%",71,"20.5%",61,"3.0%",8,"11.5%"
"Ed Davis",30.4,UTA,Big,240,53,"1.8%",90,"1.9%",2,"8.2%",71,"9.9%",87,"22.9%",0,"0.0%",95,"55.6%"
"Terence Davis",22.4,TOR,Combo,961,61,"0.6%",51,"1.4%",33,"3.6%",95,"4.7%",90,"14.1%",0,"0.0%",74,"8.0%"
"Dewayne Dedmon",30.2,SAC,Big,519,72,"2.5%",47,"1.1%",6,"6.6%",56,"8.1%",73,"20.8%",87,"7.1%",96,"56.0%"
"Dewayne Dedmon",30.2,ATL,Big,137,93,"4.1%",69,"1.3%",1,"8.6%",2,"1.7%",94,"26.4%",0,"0.0%",81,"42.9%"
"Matthew Dellavedova",29.1,CLE,Combo,617,3,"0.1%",33,"1.1%",5,"4.4%",48,"2.0%",7,"6.7%",0,"0.0%",41,"3.7%"
"DeMar DeRozan",30.2,SAS,Forward,1899,18,"0.4%",52,"1.3%",58,"3.1%",13,"1.9%",58,"13.8%",73,"2.6%",58,"22.4%"
"Cheick Diallo",23.1,PHX,Big,359,38,"1.4%",34,"1.0%",29,"4.9%",42,"6.5%",64,"20.0%",92,"9.1%",65,"34.8%"
"Hamidou Diallo",21.2,OKC,Wing,610,47,"0.6%",69,"1.6%",19,"4.5%",89,"4.4%",66,"11.7%",0,"0.0%",79,"17.9%"
"Gorgui Dieng",29.7,MIN,Big,762,81,"2.8%",92,"2.0%",37,"4.5%",58,"8.6%",82,"21.8%",0,"0.0%",79,"39.5%"
"Gorgui Dieng",29.7,MEM,Big,127,85,"3.1%",99,"2.8%",55,"3.8%",28,"5.0%",64,"20.0%",98,"14.3%",62,"33.3%"
"Spencer Dinwiddie",26.5,BKN,Combo,1850,52,"0.5%",7,"0.8%",41,"3.3%",26,"1.6%",43,"9.2%",0,"0.0%",0,"0.0%"
"Donte DiVincenzo",22.7,MIL,Combo,1183,62,"0.6%",98,"2.5%",70,"2.8%",93,"4.6%",98,"14.6%",72,"1.2%",39,"3.6%"
"Luka Doncic",20.6,DAL,Wing,1573,15,"0.3%",52,"1.3%",76,"2.5%",87,"4.2%",100,"22.4%",64,"0.9%",88,"25.0%"
"Luguentz Dort",20.5,OKC,Wing,518,5,"0.1%",86,"1.9%",1,"5.5%",56,"2.6%",1,"4.6%",93,"3.7%",40,"5.3%"
"Damyean Dotson",25.4,NYK,Wing,740,14,"0.3%",45,"1.2%",91,"2.2%",3,"0.6%",43,"10.1%",0,"0.0%",21,"1.6%"
"Sekou Doumbouya",18.8,DET,Forward,617,30,"0.5%",58,"1.4%",25,"4.1%",43,"2.8%",66,"14.8%",0,"0.0%",36,"13.8%"
"PJ Dozier",23.0,DEN,Wing,208,86,"1.2%",59,"1.4%",20,"4.5%",38,"1.8%",54,"11.2%",0,"0.0%",50,"7.1%"
"Goran Dragic",33.4,MIA,Point,1354,30,"0.3%",7,"0.8%",70,"2.4%",28,"1.6%",39,"9.0%",0,"0.0%",50,"3.7%"
"Andre Drummond",26.2,CLE,Big,153,65,"2.2%",98,"2.7%",90,"2.7%",93,"12.8%",99,"30.6%",0,"0.0%",99,"100.0%"
"Andre Drummond",26.2,DET,Big,1635,76,"2.6%",97,"2.6%",59,"3.7%",96,"13.9%",100,"32.4%",53,"2.0%",99,"68.7%"
"Jared Dudley",34.3,LAL,Big,229,1,"0.2%",76,"1.4%",6,"6.6%",0,"0.0%",4,"10.2%",0,"0.0%",17,"17.6%"
"Kris Dunn",25.6,CHI,Point,1254,80,"0.8%",100,"3.4%",2,"5.1%",37,"1.8%",87,"14.0%",0,"0.0%",78,"7.5%"
"Carsen Edwards",21.6,BOS,Combo,231,48,"0.5%",26,"1.1%",20,"4.0%",44,"2.0%",79,"12.6%",0,"0.0%",66,"6.2%"
"Wayne Ellington",31.9,NYK,Combo,424,18,"0.2%",23,"1.0%",61,"2.9%",3,"0.9%",38,"9.0%",0,"0.0%",67,"6.5%"
"Joel Embiid",25.6,PHI,Big,1299,68,"2.3%",60,"1.2%",44,"4.2%",65,"9.1%",96,"27.4%",65,"3.6%",72,"37.3%"
"James Ennis",29.3,ORL,Wing,155,90,"1.3%",13,"0.8%",98,"1.9%",98,"6.2%",79,"13.0%",0,"0.0%",100,"50.0%"
"James Ennis",29.3,PHI,Wing,749,80,"1.0%",36,"1.1%",25,"4.2%",99,"6.5%",81,"13.1%",0,"0.0%",64,"9.6%"
"Jacob Evans",22.3,GSW,Wing,377,93,"1.5%",28,"1.0%",22,"4.3%",48,"2.2%",23,"8.2%",0,"0.0%",0,"0.0%"
"Dante Exum",24.3,CLE,Wing,382,68,"0.8%",49,"1.2%",57,"3.0%",55,"2.4%",60,"11.3%",0,"0.0%",63,"9.5%"
"Derrick Favors",28.2,NOP,Big,953,62,"2.0%",37,"1.0%",71,"3.3%",89,"12.1%",90,"25.4%",79,"5.8%",71,"37.0%"
"Cristiano Felicio",27.3,CHI,Big,373,3,"0.3%",54,"1.1%",73,"3.2%",97,"14.8%",22,"14.1%",88,"7.7%",12,"13.6%"
"Terrance Ferguson",21.4,OKC,Wing,1083,55,"0.7%",23,"0.9%",4,"5.3%",49,"2.2%",0,"4.5%",0,"0.0%",0,"0.0%"
"Bruno Fernando",21.2,ATL,Big,582,40,"1.5%",49,"1.1%",9,"6.3%",73,"10.1%",51,"17.5%",0,"0.0%",53,"30.0%"
"Yogi Ferrell",26.4,SAC,Point,428,54,"0.5%",41,"1.4%",54,"2.8%",20,"1.4%",37,"8.9%",0,"0.0%",65,"5.0%"
"Dorian Finney-Smith",26.4,DAL,Forward,1775,69,"1.0%",28,"1.0%",49,"3.3%",96,"6.6%",27,"10.9%",82,"3.7%",22,"11.3%"
"Bryn Forbes",26.2,SAS,Wing,1437,0,"0.0%",25,"1.0%",47,"3.2%",12,"0.9%",15,"7.5%",0,"0.0%",24,"2.4%"
"Evan Fournier",27.0,ORL,Wing,1858,21,"0.3%",67,"1.6%",59,"3.0%",9,"0.8%",16,"7.5%",65,"1.1%",56,"7.9%"
"De'Aaron Fox",21.8,SAC,Point,1250,87,"0.8%",70,"1.9%",24,"3.4%",43,"2.0%",63,"11.0%",93,"2.8%",74,"6.5%"
"Tim Frazier",28.9,DET,Point,310,57,"0.5%",78,"2.0%",4,"5.1%",70,"3.0%",11,"7.0%",0,"0.0%",0,"0.0%"
"Markelle Fultz",21.4,ORL,Combo,1651,33,"0.3%",82,"2.0%",74,"2.6%",30,"1.6%",64,"10.8%",0,"0.0%",21,"1.5%"
"Daniel Gafford",21.0,CHI,Big,491,99,"5.3%",54,"1.1%",8,"6.4%",68,"9.4%",4,"10.2%",0,"0.0%",1,"3.8%"
"Danilo Gallinari",31.2,OKC,Big,1559,0,"0.1%",38,"1.0%",100,"1.5%",6,"2.2%",42,"16.7%",0,"0.0%",0,"3.0%"
"Langston Galloway",27.8,DET,Wing,1527,19,"0.3%",33,"1.1%",87,"2.3%",35,"1.8%",10,"6.9%",0,"0.0%",35,"4.3%"
"Darius Garland",19.7,CLE,Combo,1761,5,"0.1%",16,"1.0%",97,"2.0%",20,"1.4%",0,"4.8%",0,"0.0%",16,"1.3%"
"Marc Gasol",34.7,TOR,Big,966,52,"1.7%",58,"1.2%",45,"4.2%",12,"3.2%",52,"17.6%",0,"0.0%",52,"29.4%"
"Rudy Gay",33.2,SAS,Big,1149,28,"1.1%",30,"0.9%",92,"2.6%",22,"4.1%",58,"18.6%",77,"5.5%",69,"36.2%"
"Paul George",29.5,LAC,Wing,1064,75,"0.9%",85,"1.9%",66,"2.8%",28,"1.4%",95,"17.6%",0,"0.0%",59,"8.9%"
"Taj Gibson",34.3,NYK,Big,914,36,"1.4%",51,"1.1%",41,"4.3%",76,"10.3%",33,"15.6%",87,"7.3%",36,"24.5%"
"Harry Giles",21.5,SAC,Big,461,37,"1.4%",79,"1.5%",4,"7.1%",41,"6.4%",85,"22.0%",0,"0.0%",92,"52.0%"
"Shai Gilgeous-Alexander",21.3,OKC,Wing,2096,78,"1.0%",55,"1.3%",99,"1.8%",50,"2.2%",86,"14.1%",91,"3.1%",99,"40.7%"
"Rudy Gobert",27.3,UTA,Big,1972,82,"2.8%",24,"0.9%",71,"3.3%",84,"11.5%",97,"28.4%",48,"1.7%",78,"39.0%"
"Brandon Goodwin",24.0,ATL,Combo,351,44,"0.4%",38,"1.2%",7,"4.4%",41,"1.9%",92,"14.2%",0,"0.0%",89,"11.1%"
"Aaron Gordon",24.1,ORL,Forward,1772,60,"0.9%",31,"1.0%",91,"2.2%",87,"5.2%",88,"17.4%",54,"1.1%",69,"25.7%"
"Eric Gordon",30.8,HOU,Wing,896,44,"0.5%",26,"1.0%",70,"2.7%",6,"0.8%",3,"5.4%",70,"1.4%",42,"5.9%"
"Devonte' Graham",24.6,CHA,Point,2009,41,"0.4%",26,"1.2%",78,"2.2%",46,"2.0%",30,"8.3%",72,"0.8%",52,"3.8%"
"Treveon Graham",26.0,ATL,Forward,161,84,"1.2%",33,"1.0%",1,"5.8%",100,"8.2%",37,"11.6%",0,"0.0%",15,"9.1%"
"Treveon Graham",26.0,MIN,Forward,626,1,"0.2%",37,"1.1%",24,"4.1%",78,"4.5%",15,"9.7%",0,"0.0%",43,"14.7%"
"Jerami Grant",25.6,DEN,Big,1487,46,"1.6%",52,"1.1%",78,"3.0%",13,"3.3%",3,"10.2%",44,"1.4%",6,"10.5%"
"Danny Green",32.3,LAL,Wing,1391,77,"0.9%",90,"2.0%",44,"3.3%",70,"2.9%",40,"10.0%",80,"2.1%",68,"11.4%"
"Draymond Green",29.6,GSW,Forward,1219,90,"1.4%",90,"2.1%",31,"3.8%",15,"1.9%",94,"18.3%",0,"0.0%",99,"41.1%"
"JaMychal Green",29.3,LAC,Big,974,22,"0.9%",41,"1.0%",31,"4.8%",33,"5.6%",69,"20.4%",79,"6.0%",56,"30.3%"
"Javonte Green",26.2,BOS,Wing,288,23,"0.3%",99,"2.7%",15,"4.6%",95,"5.4%",65,"11.7%",0,"0.0%",79,"19.0%"
"Jeff Green",33.1,UTA,Forward,546,58,"0.9%",24,"1.0%",82,"2.6%",33,"2.7%",36,"11.5%",0,"0.0%",18,"10.0%"
"Blake Griffin",30.6,DET,Big,512,11,"0.7%",12,"0.6%",96,"2.2%",14,"3.4%",12,"12.5%",0,"0.0%",18,"18.2%"
"Marko Guduric",24.6,MEM,Wing,390,54,"0.6%",19,"0.9%",50,"3.1%",65,"2.8%",67,"11.7%",97,"6.7%",0,"0.0%"
"Rui Hachimura",21.7,WAS,Big,1017,2,"0.2%",61,"1.2%",81,"3.0%",29,"5.2%",30,"14.8%",69,"3.9%",49,"28.6%"
"Tim Hardaway Jr.",27.6,DAL,Wing,1585,7,"0.1%",18,"0.9%",84,"2.5%",26,"1.3%",28,"8.7%",0,"0.0%",50,"7.0%"
"James Harden",30.1,HOU,Combo,2055,93,"1.2%",80,"1.9%",51,"3.0%",69,"2.7%",82,"12.8%",84,"1.7%",100,"19.1%"
"Maurice Harkless",26.4,LAC,Forward,1122,88,"1.3%",81,"1.8%",22,"4.2%",75,"4.3%",40,"11.8%",0,"0.0%",37,"14.1%"
"Maurice Harkless",26.4,NYK,Wing,144,81,"1.0%",75,"1.7%",48,"3.2%",8,"0.8%",82,"13.3%",98,"8.3%",97,"37.5%"
"Montrezl Harrell",25.7,LAC,Big,1574,58,"1.9%",33,"1.0%",80,"3.0%",71,"9.9%",17,"13.4%",0,"0.0%",35,"24.4%"
"Gary Harris",25.1,DEN,Wing,1584,29,"0.4%",78,"1.8%",69,"2.7%",32,"1.6%",18,"7.7%",0,"0.0%",34,"4.1%"
"Joe Harris",28.1,BKN,Wing,1810,31,"0.4%",14,"0.8%",74,"2.6%",63,"2.8%",45,"10.2%",75,"1.7%",36,"4.3%"
"Tobias Harris",27.2,PHI,Forward,2062,55,"0.9%",27,"1.0%",84,"2.6%",25,"2.2%",84,"16.7%",0,"0.0%",66,"24.8%"
"Shaquille Harrison",26.0,CHI,Wing,291,95,"1.9%",96,"2.4%",21,"4.5%",88,"4.3%",64,"11.6%",0,"0.0%",73,"12.5%"
"Josh Hart",24.6,NOP,Forward,1402,45,"0.6%",73,"1.6%",33,"3.7%",57,"3.1%",96,"18.6%",70,"2.2%",54,"20.2%"
"Isaiah Hartenstein",21.4,HOU,Big,224,57,"1.9%",81,"1.5%",7,"6.6%",86,"11.8%",78,"21.0%",84,"6.7%",9,"12.5%"
"Jaxson Hayes",19.4,NOP,Big,896,78,"2.7%",40,"1.0%",19,"5.6%",66,"9.3%",13,"13.1%",0,"0.0%",46,"27.7%"
"Gordon Hayward",29.6,BOS,Forward,1409,40,"0.6%",25,"1.0%",97,"1.8%",58,"3.1%",67,"14.9%",0,"0.0%",84,"30.6%"
"John Henson",28.8,DET,Big,118,91,"4.0%",91,"1.9%",18,"5.7%",75,"10.2%",59,"18.6%",0,"0.0%",37,"25.0%"
"John Henson",28.8,CLE,Big,405,90,"4.0%",86,"1.6%",21,"5.5%",53,"7.9%",60,"18.9%",66,"3.7%",47,"28.0%"
"Juan Hernangomez",24.0,DEN,Forward,370,34,"0.6%",3,"0.5%",78,"2.7%",81,"5.1%",87,"17.1%",0,"0.0%",55,"20.8%"
"Juan Hernangomez",24.0,MIN,Big,226,10,"0.6%",64,"1.3%",96,"2.4%",25,"4.7%",47,"17.1%",84,"6.7%",14,"15.4%"
"Willy Hernangomez",25.4,CHA,Big,222,28,"1.2%",57,"1.2%",58,"3.7%",79,"10.7%",68,"20.3%",78,"5.6%",53,"30.0%"
"Tyler Herro",19.7,MIA,Wing,1211,17,"0.3%",30,"1.1%",97,"1.9%",19,"1.2%",76,"12.7%",0,"0.0%",77,"16.2%"
"Mario Hezonja",24.6,POR,Forward,613,27,"0.5%",70,"1.5%",4,"5.6%",69,"3.6%",64,"14.7%",82,"3.7%",90,"33.3%"
"Buddy Hield",26.8,SAC,Wing,1896,35,"0.5%",48,"1.2%",61,"2.9%",68,"2.8%",78,"12.8%",0,"0.0%",48,"6.7%"
"George Hill",33.4,MIL,Combo,1019,10,"0.2%",61,"1.5%",66,"2.8%",90,"4.1%",39,"9.1%",77,"1.3%",0,"0.0%"
"Solomon Hill",28.6,MEM,Forward,866,19,"0.4%",67,"1.5%",61,"3.0%",46,"2.9%",45,"12.6%",0,"0.0%",46,"15.1%"
"Aaron Holiday",23.0,IND,Point,1136,59,"0.5%",46,"1.5%",43,"3.1%",26,"1.6%",22,"7.6%",0,"0.0%",89,"12.2%"
"Jrue Holiday",29.3,NOP,Combo,1729,92,"1.2%",84,"2.0%",85,"2.4%",82,"3.5%",44,"9.2%",69,"1.1%",85,"10.8%"
"Justin Holiday",30.5,IND,Wing,1475,84,"1.2%",87,"1.9%",55,"3.1%",40,"2.0%",44,"10.1%",0,"0.0%",81,"19.7%"
"Rondae Hollis-Jefferson",24.8,TOR,Big,901,29,"1.2%",90,"1.9%",38,"4.4%",67,"9.4%",26,"14.5%",50,"1.9%",28,"21.1%"
"Richaun Holmes",26.0,SAC,Big,1073,73,"2.5%",84,"1.6%",24,"5.2%",79,"10.6%",56,"18.3%",51,"1.9%",42,"26.3%"
"Rodney Hood",27.0,POR,Forward,617,15,"0.3%",42,"1.2%",60,"3.0%",7,"1.5%",10,"9.4%",90,"4.8%",7,"5.4%"
"Al Horford",33.4,PHI,Big,1679,41,"1.5%",69,"1.3%",87,"2.8%",27,"5.0%",37,"16.0%",42,"1.2%",31,"22.4%"
"Danuel House",26.4,HOU,Forward,1579,57,"0.9%",66,"1.5%",79,"2.7%",55,"3.1%",24,"10.8%",78,"3.0%",6,"5.1%"
"Dwight Howard",33.8,LAL,Big,1091,87,"3.5%",38,"1.0%",11,"6.1%",96,"13.9%",89,"23.9%",59,"2.9%",97,"56.5%"
"Kevin Huerter",21.1,ATL,Wing,1540,65,"0.7%",44,"1.2%",53,"3.1%",45,"2.0%",62,"11.4%",74,"1.6%",44,"6.1%"
"DeAndre Hunter",21.9,ATL,Forward,1799,22,"0.4%",21,"0.9%",54,"3.3%",18,"1.9%",30,"11.2%",57,"1.3%",27,"12.1%"
"Chandler Hutchison",23.5,CHI,Forward,513,51,"0.7%",88,"2.1%",43,"3.5%",66,"3.5%",81,"16.6%",0,"0.0%",87,"32.4%"
"Serge Ibaka",30.1,TOR,Big,1259,43,"1.5%",20,"0.8%",64,"3.5%",49,"7.6%",63,"19.7%",52,"2.0%",65,"34.5%"
"Andre Iguodala",35.7,MIA,Forward,170,100,"2.4%",10,"0.7%",30,"3.9%",93,"5.8%",57,"13.8%",0,"0.0%",51,"16.7%"
"Ersan Ilyasova",32.4,MIL,Big,834,18,"0.8%",40,"1.0%",52,"3.9%",40,"6.3%",65,"20.1%",84,"6.7%",87,"45.5%"
"Joe Ingles",32.0,UTA,Forward,1762,10,"0.2%",45,"1.2%",73,"2.8%",3,"1.1%",39,"11.8%",75,"2.8%",4,"4.9%"
"Brandon Ingram",22.1,NOP,Forward,1722,61,"0.9%",46,"1.2%",75,"2.7%",30,"2.5%",60,"13.9%",51,"1.0%",78,"28.3%"
"Kyrie Irving",27.6,BKN,Point,658,76,"0.7%",57,"1.6%",39,"3.2%",85,"3.4%",76,"12.4%",0,"0.0%",0,"0.0%"
"Jonathan Isaac",22.0,ORL,Big,941,94,"4.2%",96,"2.3%",70,"3.3%",37,"5.9%",40,"16.5%",70,"4.1%",81,"42.9%"
"Wes Iwundu",24.8,ORL,Forward,713,54,"0.7%",61,"1.5%",37,"3.6%",37,"2.7%",16,"10.1%",0,"0.0%",9,"5.9%"
"Frank Jackson",21.4,NOP,Point,530,35,"0.4%",24,"1.2%",28,"3.4%",83,"3.3%",4,"6.5%",0,"0.0%",48,"2.9%"
"Jaren Jackson",20.1,MEM,Big,1501,81,"2.8%",32,"0.9%",26,"5.1%",17,"3.6%",10,"12.4%",0,"0.0%",9,"12.5%"
"Josh Jackson",22.7,MEM,Forward,238,42,"0.6%",85,"1.9%",51,"3.3%",73,"4.2%",73,"15.4%",0,"0.0%",28,"12.5%"
"Justin Jackson",24.5,DAL,Forward,741,13,"0.3%",4,"0.5%",63,"3.0%",49,"2.9%",25,"10.8%",0,"0.0%",85,"30.8%"
"Reggie Jackson",29.5,DET,Point,375,7,"0.1%",11,"1.0%",72,"2.4%",74,"3.0%",28,"8.2%",0,"0.0%",0,"0.0%"
"Justin James",22.7,SAC,Wing,173,100,"2.4%",29,"1.0%",40,"3.4%",2,"0.6%",59,"11.3%",100,"11.1%",97,"37.5%"
"LeBron James",34.8,LAL,Forward,1908,49,"0.7%",64,"1.5%",99,"1.6%",45,"2.9%",91,"17.8%",61,"1.4%",81,"29.6%"
"Ty Jerome",22.3,PHX,Combo,227,51,"0.5%",87,"2.2%",31,"3.6%",46,"2.0%",75,"12.4%",0,"0.0%",75,"8.3%"
"Cameron Johnson",23.6,PHX,Forward,936,39,"0.6%",49,"1.2%",64,"3.0%",72,"3.8%",19,"10.3%",72,"2.4%",21,"10.9%"
"James Johnson",32.6,MIA,Big,263,72,"2.5%",17,"0.7%",28,"5.1%",12,"3.0%",21,"14.0%",88,"7.7%",28,"21.4%"
"James Johnson",32.6,MIN,Big,198,86,"3.4%",94,"2.2%",13,"6.0%",18,"3.7%",25,"14.4%",0,"0.0%",62,"33.3%"
"Tyler Johnson",27.4,PHX,Combo,509,79,"0.8%",21,"1.0%",39,"3.3%",43,"1.9%",16,"8.1%",0,"0.0%",59,"5.4%"
"Nikola Jokic",24.6,DEN,Big,1896,26,"1.1%",87,"1.6%",51,"3.9%",50,"7.6%",88,"23.3%",60,"2.9%",71,"36.8%"
"Damian Jones",24.3,ATL,Big,816,64,"2.1%",67,"1.3%",5,"6.7%",55,"8.0%",21,"14.1%",80,"6.1%",58,"31.9%"
"Tyus Jones",23.4,MEM,Point,1088,26,"0.3%",61,"1.7%",100,"1.3%",4,"0.6%",24,"7.7%",0,"0.0%",35,"1.5%"
"Derrick Jones, Jr.",22.7,MIA,Wing,1097,91,"1.3%",89,"2.0%",28,"4.0%",91,"4.8%",64,"11.5%",0,"0.0%",75,"14.7%"
"DeAndre Jordan",31.2,BKN,Big,1098,63,"2.1%",16,"0.7%",67,"3.4%",81,"11.2%",96,"28.3%",62,"3.1%",93,"53.1%"
"Cory Joseph",28.1,SAC,Combo,1398,66,"0.7%",44,"1.3%",36,"3.4%",54,"2.2%",30,"8.7%",79,"1.4%",52,"4.5%"
"Frank Kaminsky",26.5,PHX,Big,701,13,"0.7%",21,"0.8%",51,"3.9%",21,"3.9%",49,"17.3%",80,"6.1%",36,"24.5%"
"Enes Kanter",27.4,BOS,Big,814,67,"2.3%",42,"1.0%",67,"3.5%",98,"15.0%",92,"26.1%",88,"7.7%",44,"26.9%"
"Luke Kennard",23.3,DET,Wing,909,16,"0.3%",6,"0.6%",68,"2.7%",13,"0.9%",39,"10.0%",0,"0.0%",22,"2.2%"
"Michael Kidd-Gilchrist",26.0,CHA,Big,131,30,"1.2%",0,"0.0%",28,"5.1%",26,"4.9%",18,"13.6%",0,"0.0%",100,""
"Maxi Kleber",27.7,DAL,Big,1458,67,"2.3%",8,"0.5%",60,"3.7%",38,"6.0%",8,"12.3%",54,"2.3%",64,"34.4%"
"Brandon Knight",27.9,CLE,Wing,204,36,"0.5%",7,"0.7%",37,"3.5%",14,"1.0%",21,"7.9%",0,"0.0%",0,"0.0%"
"Kevin Knox",20.2,NYK,Forward,953,63,"1.0%",16,"0.8%",39,"3.5%",21,"2.1%",46,"12.6%",55,"1.3%",12,"8.3%"
"Furkan Korkmaz",22.2,PHI,Wing,1259,46,"0.6%",27,"1.0%",79,"2.5%",18,"1.2%",34,"9.4%",72,"1.5%",38,"4.8%"
"Luke Kornet",24.2,CHI,Big,532,69,"2.4%",29,"0.9%",49,"4.0%",16,"3.5%",8,"12.0%",66,"3.7%",2,"6.1%"
"Kyle Korver",38.6,MIL,Wing,696,57,"0.7%",21,"0.9%",52,"3.1%",30,"1.5%",32,"9.0%",75,"1.7%",0,"0.0%"
"Rodions Kurucs",21.7,BKN,Forward,390,12,"0.2%",39,"1.2%",6,"5.6%",28,"2.5%",55,"13.3%",100,"13.0%",18,"10.0%"
"Kyle Kuzma",24.2,LAL,Big,1143,13,"0.7%",14,"0.6%",84,"2.9%",15,"3.4%",15,"13.3%",72,"4.3%",17,"17.9%"
"Skal Labissiere",23.6,POR,Big,533,79,"2.7%",10,"0.6%",17,"5.8%",81,"11.3%",35,"15.8%",92,"9.1%",13,"14.6%"
"Jeremy Lamb",27.4,IND,Wing,1289,74,"0.9%",84,"1.9%",43,"3.3%",41,"2.0%",84,"13.7%",77,"1.8%",59,"8.9%"
"Romeo Langford",20.0,BOS,Wing,200,93,"1.6%",16,"0.9%",12,"4.7%",64,"2.8%",9,"6.7%",0,"0.0%",0,"0.0%"
"Zach LaVine",24.6,CHI,Wing,2080,63,"0.7%",79,"1.8%",88,"2.3%",37,"1.8%",68,"11.8%",95,"5.0%",84,"21.3%"
"Jake Layman",25.6,MIN,Forward,385,79,"1.1%",69,"1.5%",46,"3.4%",36,"2.7%",3,"7.4%",0,"0.0%",33,"13.0%"
"TJ Leaf",22.5,IND,Big,149,24,"1.0%",88,"1.7%",48,"4.0%",82,"11.3%",75,"20.9%",99,"22.2%",4,"7.7%"
"Courtney Lee",34.0,DAL,Wing,136,64,"0.7%",93,"2.3%",17,"4.5%",31,"1.6%",27,"8.7%",0,"0.0%",0,"0.0%"
"Damion Lee",27.0,GSW,Combo,1192,13,"0.2%",52,"1.4%",44,"3.2%",66,"2.5%",93,"14.4%",0,"0.0%",70,"7.8%"
"Alex Len",26.3,ATL,Big,716,65,"2.1%",48,"1.1%",33,"4.7%",60,"8.7%",49,"17.5%",90,"8.1%",85,"43.6%"
"Kawhi Leonard",28.3,LAC,Forward,1476,64,"1.0%",97,"2.4%",96,"2.0%",51,"3.0%",90,"17.5%",63,"1.4%",94,"38.3%"
"Meyers Leonard",27.6,MIA,Big,986,17,"0.8%",13,"0.6%",39,"4.4%",11,"3.0%",74,"20.8%",0,"0.0%",75,"37.8%"
"Caris LeVert",25.1,BKN,Combo,955,20,"0.3%",72,"1.7%",75,"2.6%",79,"3.2%",51,"9.5%",80,"1.5%",28,"2.1%"
"Damian Lillard",29.2,POR,Point,1992,43,"0.4%",17,"1.1%",91,"1.7%",15,"1.3%",48,"9.8%",80,"1.2%",39,"1.6%"
"Nassir Little",19.7,POR,Forward,479,75,"1.1%",7,"0.7%",7,"5.4%",88,"5.3%",31,"11.2%",85,"4.0%",63,"23.3%"
"Kevon Looney",23.7,GSW,Big,241,34,"1.3%",85,"1.6%",25,"5.2%",76,"10.3%",29,"14.7%",96,"11.1%",37,"25.0%"
"Brook Lopez",31.5,MIL,Big,1476,97,"4.5%",51,"1.1%",74,"3.2%",6,"2.2%",7,"11.4%",65,"3.4%",21,"19.3%"
"Robin Lopez",31.5,MIL,Big,696,61,"2.0%",9,"0.5%",76,"3.1%",31,"5.4%",1,"8.7%",76,"5.4%",4,"8.6%"
"Kevin Love",31.1,CLE,Big,1580,8,"0.5%",24,"0.8%",99,"1.9%",10,"2.8%",97,"28.9%",0,"0.0%",61,"32.8%"
"Kyle Lowry",33.6,TOR,Point,1699,67,"0.6%",48,"1.5%",22,"3.5%",33,"1.7%",65,"11.1%",83,"1.4%",30,"1.2%"
"Timothe Luwawu-Cabarrot",24.4,BKN,Wing,485,27,"0.4%",32,"1.1%",13,"4.7%",72,"3.1%",46,"10.2%",94,"4.0%",28,"3.2%"
"Trey Lyles",23.9,SAS,Big,1083,25,"1.1%",27,"0.9%",63,"3.5%",43,"6.6%",87,"23.2%",0,"0.0%",72,"37.3%"
"Ian Mahinmi",32.9,WAS,Big,799,83,"2.9%",87,"1.6%",22,"5.4%",69,"9.6%",38,"16.3%",0,"0.0%",80,"41.5%"
"Thon Maker",22.6,DET,Big,649,78,"2.7%",74,"1.4%",20,"5.5%",54,"7.9%",28,"14.7%",0,"0.0%",60,"32.3%"
"Terance Mann",23.0,LAC,Wing,191,79,"1.0%",21,"0.9%",5,"5.3%",15,"1.1%",11,"7.0%",0,"0.0%",64,"10.0%"
"Boban Marjanovic",31.2,DAL,Big,201,31,"1.2%",13,"0.6%",10,"6.3%",99,"16.4%",94,"26.7%",0,"0.0%",87,"45.5%"
"Lauri Markkanen",22.4,CHI,Big,1390,19,"0.9%",56,"1.2%",94,"2.5%",20,"3.9%",45,"17.0%",47,"1.6%",50,"28.9%"
"Caleb Martin",24.0,CHA,Wing,117,88,"1.3%",9,"0.7%",0,"5.9%",84,"4.0%",48,"10.3%",0,"0.0%",0,"0.0%"
"Cody Martin",24.0,CHA,Wing,636,40,"0.5%",82,"1.8%",32,"3.7%",93,"4.8%",92,"15.2%",79,"2.0%",72,"12.0%"
"Kelan Martin",24.2,MIN,Forward,438,70,"1.0%",6,"0.7%",19,"4.3%",27,"2.3%",72,"15.3%",0,"0.0%",34,"13.3%"
"Garrison Mathews",23.0,WAS,Wing,184,12,"0.3%",1,"0.5%",7,"5.1%",79,"3.4%",25,"8.6%",0,"0.0%",0,"0.0%"
"Wesley Matthews",33.0,MIL,Wing,1338,21,"0.3%",24,"0.9%",83,"2.5%",16,"1.1%",14,"7.5%",0,"0.0%",41,"5.4%"
"Patrick McCaw",24.0,TOR,Wing,745,13,"0.3%",83,"1.9%",64,"2.8%",57,"2.6%",8,"6.6%",0,"0.0%",36,"4.4%"
"CJ McCollum",28.1,POR,Combo,2036,84,"0.8%",10,"0.9%",72,"2.7%",39,"1.8%",26,"8.5%",69,"1.1%",79,"8.6%"
"TJ McConnell",27.6,IND,Combo,1048,59,"0.5%",62,"1.6%",84,"2.4%",70,"2.7%",67,"11.2%",0,"0.0%",46,"4.0%"
"Jalen McDaniels",21.7,CHA,Wing,154,56,"0.7%",73,"1.7%",2,"5.4%",85,"4.0%",99,"20.1%",0,"0.0%",96,"33.3%"
"Doug McDermott",27.8,IND,Forward,1149,6,"0.2%",0,"0.3%",42,"3.5%",16,"1.9%",12,"9.4%",0,"0.0%",25,"12.1%"
"JaVale McGee",31.7,LAL,Big,894,95,"4.3%",53,"1.1%",21,"5.5%",85,"11.7%",76,"20.9%",73,"4.4%",89,"48.7%"
"Rodney McGruder",28.2,LAC,Wing,648,48,"0.6%",47,"1.2%",27,"4.0%",81,"3.7%",75,"12.3%",0,"0.0%",39,"5.1%"
"Alfonzo McKinnie",27.1,CLE,Forward,455,37,"0.6%",75,"1.6%",12,"4.8%",82,"5.1%",61,"14.2%",97,"9.1%",52,"19.4%"
"Jordan McLaughlin",23.5,MIN,Point,455,48,"0.4%",87,"2.4%",85,"2.0%",9,"0.8%",41,"9.1%",0,"0.0%",83,"7.7%"
"Ben McLemore",26.7,HOU,Wing,1322,34,"0.4%",34,"1.1%",36,"3.5%",27,"1.4%",21,"7.8%",0,"0.0%",20,"1.3%"
"Jordan McRae",28.5,WAS,Wing,607,82,"1.1%",39,"1.2%",35,"3.6%",58,"2.6%",80,"13.1%",89,"3.0%",69,"11.6%"
"Nicolo Melli",28.7,NOP,Big,722,29,"1.2%",77,"1.4%",30,"4.9%",21,"3.9%",24,"14.3%",80,"6.1%",1,"5.4%"
"De'Anthony Melton",21.4,MEM,Combo,836,77,"0.8%",97,"2.5%",23,"3.9%",85,"3.8%",95,"14.4%",0,"0.0%",97,"16.7%"
"Khris Middleton",28.2,MIL,Forward,1510,7,"0.2%",55,"1.3%",87,"2.5%",24,"2.2%",78,"16.0%",93,"7.4%",16,"9.4%"
"CJ Miles",32.6,WAS,Wing,155,87,"1.3%",98,"2.6%",33,"3.6%",51,"2.3%",4,"5.4%",0,"0.0%",0,"0.0%"
"Patty Mills",31.2,SAS,Combo,1324,7,"0.1%",54,"1.5%",82,"2.5%",18,"1.4%",2,"5.6%",0,"0.0%",0,"0.0%"
"Paul Millsap",34.7,DEN,Big,945,42,"1.5%",82,"1.5%",40,"4.3%",49,"7.5%",31,"15.3%",99,"14.6%",53,"30.0%"
"Shake Milton",23.0,PHI,Wing,412,36,"0.5%",37,"1.2%",9,"4.9%",42,"2.0%",51,"10.8%",0,"0.0%",58,"8.8%"
"Donovan Mitchell",23.1,UTA,Combo,1991,26,"0.3%",48,"1.3%",67,"2.8%",57,"2.3%",61,"10.7%",0,"0.0%",36,"3.0%"
"Malik Monk",21.7,CHA,Wing,1126,64,"0.7%",22,"0.9%",78,"2.5%",54,"2.3%",58,"11.3%",0,"0.0%",43,"6.0%"
"E'Twaun Moore",30.6,NOP,Wing,858,43,"0.5%",40,"1.2%",58,"3.0%",71,"3.0%",33,"9.1%",81,"2.1%",66,"11.4%"
"Ja Morant",20.2,MEM,Point,1608,37,"0.4%",30,"1.3%",87,"2.0%",57,"2.3%",33,"8.5%",0,"0.0%",41,"2.2%"
"Marcus Morris",30.1,LAC,Big,210,48,"1.7%",63,"1.2%",78,"3.1%",4,"1.9%",6,"11.0%",0,"0.0%",30,"22.2%"
"Marcus Morris",30.1,NYK,Forward,1375,46,"0.6%",34,"1.1%",40,"3.5%",61,"3.2%",52,"13.1%",67,"2.0%",48,"15.3%"
"Markieff Morris",30.1,DET,Big,968,7,"0.5%",58,"1.2%",49,"4.0%",8,"2.4%",28,"14.6%",51,"1.9%",38,"25.5%"
"Monte Morris",24.3,DEN,Point,1199,52,"0.5%",50,"1.6%",89,"1.8%",24,"1.5%",9,"6.9%",0,"0.0%",0,"0.0%"
"Emmanuel Mudiay",23.6,UTA,Point,682,72,"0.7%",22,"1.1%",41,"3.1%",61,"2.4%",74,"12.3%",0,"0.0%",46,"2.8%"
"Dejounte Murray",23.1,SAS,Point,1307,61,"0.5%",98,"3.0%",17,"3.5%",98,"4.8%",100,"19.0%",89,"1.7%",91,"14.3%"
"Jamal Murray",22.6,DEN,Combo,1574,57,"0.5%",67,"1.7%",95,"2.1%",59,"2.3%",54,"10.2%",82,"1.5%",56,"5.3%"
"Dzanan Musa",20.4,BKN,Forward,345,0,"0.1%",48,"1.2%",88,"2.5%",64,"3.3%",22,"10.7%",0,"0.0%",0,"0.0%"
"Mike Muscala",28.3,OKC,Big,437,31,"1.2%",17,"0.7%",62,"3.6%",7,"2.3%",35,"15.8%",0,"0.0%",23,"20.0%"
"Sviatoslav Mykhailiuk",22.3,DET,Forward,1060,4,"0.2%",57,"1.3%",70,"2.8%",1,"1.1%",0,"6.3%",79,"3.2%",3,"2.1%"
"Abdel Nader",26.0,OKC,Forward,620,81,"1.2%",54,"1.3%",34,"3.7%",12,"1.8%",6,"8.2%",0,"0.0%",28,"12.5%"
"Larry Nance Jr.",26.8,CLE,Big,1261,19,"0.9%",83,"1.5%",94,"2.5%",47,"7.4%",74,"20.8%",45,"1.4%",79,"41.0%"
"Shabazz Napier",28.3,WAS,Point,198,24,"0.3%",93,"3.0%",15,"3.6%",80,"3.2%",7,"6.7%",0,"0.0%",0,"0.0%"
"Shabazz Napier",28.3,MIN,Point,836,39,"0.4%",72,"1.9%",48,"3.0%",39,"1.8%",70,"11.6%",0,"0.0%",63,"4.4%"
"Raul Neto",27.4,PHI,Point,451,63,"0.6%",52,"1.6%",33,"3.3%",41,"1.9%",26,"7.7%",96,"4.8%",0,"0.0%"
"Georges Niang",26.3,UTA,Big,648,4,"0.3%",19,"0.7%",63,"3.5%",1,"1.4%",11,"12.4%",0,"0.0%",27,"20.9%"
"Nerlens Noel",25.5,OKC,Big,923,90,"4.0%",97,"2.5%",12,"6.0%",63,"9.0%",47,"17.1%",0,"0.0%",73,"37.5%"
"Jaylen Nowell",20.3,MIN,Combo,111,49,"0.5%",0,"0.0%",98,"1.9%",62,"2.4%",3,"6.1%",0,"0.0%",0,"0.0%"
"Frank Ntilikina",21.2,NYK,Point,1029,78,"0.8%",74,"2.0%",9,"4.8%",35,"1.8%",35,"8.6%",83,"1.4%",87,"11.3%"
"Kendrick Nunn",24.2,MIA,Combo,1652,28,"0.3%",34,"1.2%",48,"3.1%",10,"1.1%",20,"8.2%",0,"0.0%",0,"0.0%"
"David Nwaba",26.7,BKN,Combo,248,100,"2.1%",70,"1.7%",2,"4.9%",72,"2.8%",69,"11.3%",100,"5.6%",0,"0.0%"
"Semi Ojeleye",24.9,BOS,Big,738,3,"0.3%",39,"1.0%",72,"3.2%",8,"2.4%",1,"9.2%",0,"0.0%",44,"26.8%"
"Jahlil Okafor",23.8,NOP,Big,414,58,"2.0%",12,"0.6%",33,"4.7%",74,"10.1%",43,"16.8%",94,"10.0%",18,"18.2%"
"Elie Okobo",22.0,PHX,Combo,606,21,"0.3%",36,"1.2%",59,"2.9%",61,"2.3%",66,"10.9%",0,"0.0%",67,"6.5%"
"Josh Okogie",21.1,MIN,Wing,1329,71,"0.9%",77,"1.8%",42,"3.4%",93,"5.2%",73,"12.1%",79,"2.1%",29,"3.3%"
"Victor Oladipo",27.4,IND,Wing,255,11,"0.2%",56,"1.4%",90,"2.3%",66,"2.8%",22,"8.1%",0,"0.0%",0,"0.0%"
"Kelly Olynyk",28.5,MIA,Big,977,21,"0.9%",85,"1.6%",26,"5.1%",17,"3.6%",50,"17.5%",49,"1.8%",81,"42.9%"
"Royce O'Neale",26.4,UTA,Wing,1701,62,"0.7%",42,"1.2%",24,"4.3%",25,"1.3%",93,"15.7%",0,"0.0%",83,"20.7%"
"Kyle O'Quinn",29.6,PHI,Big,196,98,"5.0%",25,"0.9%",11,"6.1%",87,"11.9%",90,"24.7%",96,"11.1%",66,"35.3%"
"Cedi Osman",24.5,CLE,Forward,1696,24,"0.4%",43,"1.2%",55,"3.3%",9,"1.6%",21,"10.5%",57,"1.3%",49,"15.5%"
"Kelly Oubre",23.8,PHX,Forward,1921,73,"1.1%",72,"1.6%",28,"3.9%",67,"3.6%",63,"14.6%",52,"1.1%",73,"27.4%"
"Jabari Parker",24.6,ATL,Big,832,22,"0.9%",92,"2.1%",40,"4.3%",42,"6.5%",41,"16.6%",0,"0.0%",26,"20.4%"
"Eric Paschall",22.9,GSW,Forward,1391,28,"0.5%",19,"0.9%",67,"2.9%",84,"5.1%",42,"12.1%",64,"1.6%",24,"11.8%"
"Anzejs Pasecniks",23.8,WAS,Big,334,44,"1.5%",21,"0.8%",17,"5.8%",72,"9.9%",34,"15.7%",72,"4.3%",77,"38.1%"
"Patrick Patterson",30.6,LAC,Big,515,4,"0.3%",4,"0.4%",95,"2.4%",30,"5.3%",19,"13.8%",0,"0.0%",7,"11.1%"
"Chris Paul",34.4,OKC,Point,1866,22,"0.2%",83,"2.1%",52,"2.9%",11,"1.2%",91,"14.9%",0,"0.0%",78,"7.5%"
"Elfrid Payton",25.6,NYK,Point,1048,85,"0.8%",89,"2.5%",50,"3.0%",89,"4.0%",85,"13.2%",0,"0.0%",33,"1.4%"
"Gary Payton II",26.9,WAS,Forward,363,48,"0.7%",100,"3.6%",10,"4.9%",85,"5.1%",51,"12.7%",0,"0.0%",0,"0.0%"
"Norvel Pelle",26.7,PHI,Big,135,100,"8.1%",0,"0.0%",1,"8.7%",45,"7.0%",72,"20.6%",0,"0.0%",23,"20.0%"
"Theo Pinson",23.9,BKN,Combo,288,36,"0.3%",56,"1.5%",11,"4.2%",74,"3.0%",48,"9.4%",0,"0.0%",75,"8.3%"
"Mason Plumlee",29.6,DEN,Big,784,45,"1.6%",62,"1.2%",23,"5.2%",70,"9.6%",61,"19.2%",64,"3.4%",73,"37.5%"
"Jakob Poeltl",24.0,SAS,Big,959,96,"4.4%",70,"1.3%",54,"3.9%",77,"10.3%",63,"19.8%",78,"5.6%",41,"25.9%"
"Jordan Poole",20.3,GSW,Combo,1052,43,"0.4%",30,"1.1%",56,"3.0%",2,"0.5%",34,"9.0%",92,"2.0%",54,"4.7%"
"Kevin Porter",19.4,CLE,Wing,1026,50,"0.6%",72,"1.7%",10,"4.9%",42,"2.0%",74,"12.2%",0,"0.0%",33,"4.0%"
"Michael Porter",21.3,DEN,Forward,564,97,"1.7%",51,"1.3%",18,"4.3%",97,"7.9%",100,"22.2%",0,"0.0%",91,"35.1%"
"Otto Porter",26.4,CHI,Wing,226,60,"0.7%",74,"1.7%",29,"3.8%",73,"3.1%",50,"10.6%",96,"5.0%",48,"6.7%"
"Bobby Portis",24.7,NYK,Big,1175,6,"0.4%",33,"1.0%",91,"2.7%",35,"5.8%",37,"16.2%",42,"1.3%",86,"44.4%"
"Kristaps Porzingis",24.2,DAL,Big,1407,84,"3.1%",36,"1.0%",53,"3.9%",29,"5.2%",85,"21.9%",68,"3.9%",76,"37.9%"
"Dwight Powell",28.2,DAL,Big,1047,21,"0.9%",80,"1.5%",53,"3.9%",48,"7.4%",13,"13.0%",49,"1.8%",23,"20.0%"
"Norman Powell",26.4,TOR,Wing,1074,53,"0.6%",81,"1.8%",63,"2.9%",44,"2.0%",36,"9.6%",0,"0.0%",76,"15.7%"
"Taurean Prince",25.6,BKN,Big,1716,10,"0.6%",65,"1.3%",74,"3.2%",5,"2.1%",33,"15.4%",86,"6.9%",73,"37.5%"
"Julius Randle",24.9,NYK,Big,1870,8,"0.6%",37,"1.0%",86,"2.8%",44,"6.8%",81,"21.5%",58,"2.8%",62,"33.0%"
"Cameron Reddish",20.1,ATL,Wing,1374,76,"0.9%",71,"1.7%",41,"3.4%",53,"2.3%",63,"11.4%",68,"1.3%",32,"3.9%"
"JJ Redick",35.3,NOP,Wing,1422,20,"0.3%",5,"0.6%",85,"2.4%",4,"0.7%",31,"8.9%",0,"0.0%",30,"3.4%"
"Naz Reid",20.1,MIN,Big,305,66,"2.3%",81,"1.5%",3,"7.9%",31,"5.4%",22,"14.1%",83,"6.2%",53,"30.0%"
"Josh Richardson",26.1,PHI,Combo,1432,90,"1.1%",46,"1.3%",46,"3.1%",67,"2.6%",23,"8.5%",0,"0.0%",61,"5.8%"
"Austin Rivers",27.2,HOU,Wing,1207,30,"0.4%",50,"1.3%",50,"3.1%",21,"1.3%",24,"8.5%",0,"0.0%",21,"1.4%"
"Duncan Robinson",25.5,MIA,Forward,1702,16,"0.3%",13,"0.8%",27,"4.0%",0,"0.4%",18,"10.1%",75,"2.8%",13,"9.0%"
"Jerome Robinson",22.6,LAC,Wing,380,73,"0.9%",17,"0.9%",18,"4.5%",7,"0.8%",41,"10.0%",0,"0.0%",0,"0.0%"
"Jerome Robinson",22.6,WAS,Wing,144,79,"1.0%",36,"1.2%",21,"4.4%",24,"1.3%",98,"19.2%",0,"0.0%",0,"0.0%"
"Mitchell Robinson",21.5,NYK,Big,1193,96,"4.4%",88,"1.7%",19,"5.7%",90,"12.4%",40,"16.4%",82,"6.2%",15,"16.1%"
"Glenn Robinson III",25.8,PHI,Forward,102,31,"0.5%",99,"2.6%",81,"2.6%",99,"7.9%",1,"7.0%",0,"0.0%",67,"25.0%"
"Glenn Robinson III",25.8,GSW,Wing,1488,33,"0.4%",51,"1.3%",89,"2.3%",86,"4.1%",36,"9.6%",87,"2.9%",86,"22.4%"
"Rajon Rondo",33.6,LAL,Point,877,4,"0.1%",65,"1.8%",83,"2.0%",65,"2.6%",72,"12.3%",0,"0.0%",96,"20.0%"
"Derrick Rose",31.0,DET,Point,1270,65,"0.6%",39,"1.3%",98,"1.4%",50,"2.3%",20,"7.4%",0,"0.0%",37,"1.6%"
"Terrence Ross",28.7,ORL,Wing,1557,50,"0.6%",80,"1.8%",95,"2.0%",7,"0.8%",57,"11.3%",0,"0.0%",47,"6.2%"
"Terry Rozier",25.6,CHA,Combo,1946,25,"0.3%",43,"1.3%",93,"2.2%",51,"2.1%",72,"11.7%",90,"2.0%",15,"1.1%"
"Ricky Rubio",29.0,PHX,Point,1644,28,"0.3%",80,"2.0%",35,"3.2%",63,"2.4%",78,"12.4%",0,"0.0%",76,"7.1%"
"D'Angelo Russell",23.6,MIN,Point,196,74,"0.7%",54,"1.6%",67,"2.4%",2,"0.5%",67,"11.5%",0,"0.0%",72,"6.2%"
"D'Angelo Russell",23.6,GSW,Combo,1044,46,"0.4%",41,"1.2%",80,"2.5%",13,"1.3%",57,"10.5%",0,"0.0%",23,"1.7%"
"Domantas Sabonis",23.4,IND,Big,1948,14,"0.7%",29,"0.9%",69,"3.3%",67,"9.3%",91,"25.6%",56,"2.7%",90,"49.3%"
"JaKarr Sampson",26.6,IND,Big,246,54,"1.8%",79,"1.4%",15,"5.9%",28,"5.0%",9,"12.3%",0,"0.0%",33,"23.5%"
"Dario Saric",25.5,PHX,Big,1299,6,"0.5%",31,"0.9%",65,"3.5%",37,"5.9%",53,"17.9%",91,"8.3%",33,"23.6%"
"Tomas Satoransky",28.0,CHI,Combo,1732,15,"0.2%",77,"1.9%",52,"3.0%",87,"3.8%",52,"9.8%",0,"0.0%",82,"9.3%"
"Admiral Schofield",22.5,WAS,Forward,240,43,"0.6%",36,"1.1%",0,"6.4%",4,"1.2%",4,"8.2%",0,"0.0%",45,"15.0%"
"Dennis Schroder",26.1,OKC,Combo,1802,41,"0.4%",15,"0.9%",64,"2.8%",7,"1.0%",62,"10.8%",87,"1.8%",30,"2.4%"
"Mike Scott",31.2,PHI,Big,947,1,"0.2%",18,"0.7%",83,"2.9%",26,"4.8%",19,"13.9%",0,"0.0%",19,"18.5%"
"Thabo Sefolosha",35.4,HOU,Big,399,35,"1.4%",95,"2.3%",46,"4.1%",24,"4.5%",26,"14.5%",0,"0.0%",45,"27.3%"
"Collin Sexton",20.8,CLE,Point,1890,11,"0.2%",28,"1.2%",65,"2.5%",76,"3.1%",13,"7.2%",78,"1.2%",0,"0.0%"
"Landry Shamet",22.6,LAC,Combo,1169,34,"0.3%",3,"0.7%",16,"4.1%",0,"0.3%",5,"6.1%",89,"1.9%",62,"6.2%"
"Iman Shumpert",29.3,BKN,Forward,239,21,"0.4%",91,"2.2%",36,"3.6%",63,"3.3%",9,"8.8%",99,"11.1%",28,"12.5%"
"Pascal Siakam",25.5,TOR,Forward,1670,93,"1.4%",40,"1.2%",72,"2.8%",60,"3.2%",79,"16.0%",66,"1.6%",82,"30.2%"
"Chris Silva",23.1,MIA,Big,248,85,"3.2%",56,"1.2%",0,"9.5%",100,"17.6%",46,"17.0%",97,"13.3%",91,"50.0%"
"Ben Simmons",23.2,PHI,Point,1928,91,"0.9%",91,"2.6%",46,"3.0%",100,"5.7%",89,"14.7%",87,"1.6%",100,"31.8%"
"Anfernee Simons",20.3,POR,Combo,1232,38,"0.4%",5,"0.8%",30,"3.6%",33,"1.7%",28,"8.7%",0,"0.0%",57,"5.4%"
"Alen Smailagic",19.2,GSW,Big,116,49,"1.7%",19,"0.7%",37,"4.5%",59,"8.7%",0,"8.6%",0,"0.0%",9,"12.5%"
"Marcus Smart",25.6,BOS,Combo,1539,80,"0.8%",89,"2.2%",38,"3.3%",49,"2.1%",36,"9.0%",93,"2.2%",48,"4.2%"
"Ish Smith",31.3,WAS,Point,1462,83,"0.8%",43,"1.4%",76,"2.3%",30,"1.6%",52,"10.4%",76,"1.1%",67,"5.5%"
"Dennis Smith Jr.",21.9,NYK,Point,523,70,"0.7%",85,"2.2%",7,"4.9%",87,"3.8%",59,"10.9%",0,"0.0%",0,"0.0%"
"Tony Snell",27.9,DET,Wing,1474,32,"0.4%",11,"0.8%",81,"2.5%",0,"0.6%",7,"6.1%",0,"0.0%",55,"7.8%"
"Omari Spellman",22.2,GSW,Big,794,44,"1.6%",78,"1.4%",89,"2.7%",51,"7.7%",31,"15.3%",88,"7.5%",22,"19.5%"
"Edmond Sumner",23.8,IND,Wing,244,70,"0.8%",97,"2.4%",7,"5.1%",59,"2.6%",17,"7.6%",0,"0.0%",0,"0.0%"
"Caleb Swanigan",22.5,POR,Big,190,16,"0.8%",6,"0.5%",3,"8.0%",88,"12.1%",71,"20.5%",0,"0.0%",96,"56.2%"
"Jayson Tatum",21.6,BOS,Forward,1891,91,"1.4%",79,"1.7%",94,"2.0%",48,"2.9%",75,"15.4%",0,"0.0%",100,"41.4%"
"Jeff Teague",31.3,ATL,Combo,408,54,"0.5%",64,"1.6%",90,"2.2%",64,"2.4%",10,"7.6%",0,"0.0%",41,"3.7%"
"Jeff Teague",31.3,MIN,Combo,936,64,"0.7%",31,"1.1%",57,"2.9%",28,"1.6%",8,"7.6%",0,"0.0%",26,"1.9%"
"Garrett Temple",33.4,BKN,Wing,1514,69,"0.8%",38,"1.2%",82,"2.5%",36,"1.8%",29,"8.7%",0,"0.0%",74,"14.0%"
"Daniel Theis",27.5,BOS,Big,1240,83,"2.9%",50,"1.1%",15,"5.9%",69,"9.5%",55,"18.1%",74,"4.8%",13,"14.7%"
"Isaiah Thomas",30.7,WAS,Point,921,33,"0.3%",4,"0.6%",37,"3.2%",13,"1.2%",2,"6.2%",0,"0.0%",43,"2.3%"
"Matt Thomas",25.2,TOR,Wing,243,0,"0.0%",43,"1.2%",30,"3.8%",29,"1.4%",61,"11.3%",0,"0.0%",0,"0.0%"
"Tristan Thompson",28.6,CLE,Big,1658,38,"1.4%",22,"0.8%",93,"2.5%",94,"13.3%",67,"20.3%",42,"1.3%",51,"29.1%"
"Matisse Thybulle",22.6,PHI,Wing,1001,98,"2.1%",100,"3.1%",14,"4.7%",69,"2.9%",2,"5.3%",73,"1.5%",0,"0.0%"
"Anthony Tolliver",34.4,POR,Big,514,15,"0.8%",15,"0.7%",47,"4.1%",23,"4.2%",16,"13.3%",0,"0.0%",40,"25.8%"
"Juan Toscano-Anderson",26.5,GSW,Wing,157,58,"0.7%",93,"2.2%",11,"4.7%",23,"1.3%",96,"17.9%",0,"0.0%",94,"30.0%"
"Karl-Anthony Towns",23.9,MIN,Big,1181,50,"1.7%",59,"1.2%",76,"3.1%",53,"7.9%",88,"23.4%",62,"3.1%",68,"36.2%"
"Gary Trent Jr.",20.7,POR,Wing,890,49,"0.6%",68,"1.6%",74,"2.6%",34,"1.6%",5,"5.7%",82,"2.2%",0,"0.0%"
"Allonzo Trier",23.7,NYK,Combo,199,74,"0.8%",2,"0.6%",3,"4.5%",21,"1.5%",21,"8.5%",0,"0.0%",0,"0.0%"
"PJ Tucker",34.4,HOU,Big,2026,15,"0.7%",72,"1.4%",60,"3.7%",22,"4.2%",17,"13.5%",74,"4.7%",56,"30.6%"
"Evan Turner",31.0,ATL,Wing,234,94,"1.7%",64,"1.6%",45,"3.3%",66,"2.8%",52,"10.9%",0,"0.0%",70,"11.8%"
"Myles Turner",23.6,IND,Big,1458,87,"3.6%",62,"1.2%",69,"3.3%",24,"4.6%",44,"16.9%",46,"1.5%",35,"24.1%"
"Jonas Valanciunas",27.4,MEM,Big,1468,62,"2.1%",15,"0.7%",61,"3.7%",80,"11.1%",95,"26.7%",93,"9.8%",88,"45.6%"
"Denzel Valentine",25.9,CHI,Wing,333,52,"0.6%",88,"2.0%",8,"5.0%",11,"0.9%",88,"14.4%",0,"0.0%",93,"26.3%"
"Fred VanVleet",25.6,TOR,Combo,1712,39,"0.4%",90,"2.2%",77,"2.6%",5,"1.0%",41,"9.1%",0,"0.0%",31,"2.4%"
"Noah Vonleh",24.1,MIN,Big,327,20,"0.9%",74,"1.4%",66,"3.5%",62,"8.9%",76,"20.9%",0,"0.0%",66,"35.3%"
"Nikola Vucevic",29.0,ORL,Big,1581,40,"1.5%",60,"1.2%",85,"2.8%",51,"7.7%",93,"26.2%",0,"0.0%",47,"28.1%"
"Moritz Wagner",22.5,WAS,Big,576,33,"1.3%",63,"1.2%",8,"6.5%",36,"5.8%",67,"20.2%",0,"0.0%",76,"37.8%"
"Kemba Walker",29.4,BOS,Point,1465,93,"0.9%",37,"1.3%",80,"2.1%",48,"2.2%",61,"10.9%",0,"0.0%",28,"1.1%"
"Lonnie Walker",20.8,SAS,Wing,642,61,"0.7%",65,"1.6%",26,"4.1%",62,"2.7%",53,"11.1%",0,"0.0%",62,"9.4%"
"Tyrone Wallace",25.3,ATL,Combo,130,0,"0.0%",79,"1.9%",0,"5.4%",56,"2.2%",70,"11.3%",0,"0.0%",95,"15.4%"
"Derrick Walton Jr.",24.5,LAC,Point,161,0,"0.0%",2,"0.5%",26,"3.4%",7,"0.6%",0,"5.5%",0,"0.0%",0,"0.0%"
"Brad Wanamaker",30.2,BOS,Combo,1015,56,"0.5%",75,"1.8%",13,"4.2%",36,"1.7%",31,"8.7%",0,"0.0%",20,"1.5%"
"TJ Warren",26.1,IND,Forward,1836,52,"0.7%",76,"1.6%",48,"3.4%",54,"3.0%",7,"8.4%",60,"1.3%",42,"14.5%"
"PJ Washington",21.1,CHA,Big,1535,35,"1.3%",75,"1.4%",58,"3.8%",13,"3.2%",20,"13.9%",41,"1.2%",59,"32.0%"
"Russell Westbrook",30.9,HOU,Point,1757,46,"0.4%",67,"1.9%",20,"3.5%",93,"4.5%",98,"15.5%",0,"0.0%",98,"25.7%"
"Coby White",19.7,CHI,Combo,1454,16,"0.2%",49,"1.3%",69,"2.8%",31,"1.7%",87,"14.0%",0,"0.0%",48,"4.2%"
"Derrick White",25.3,SAS,Combo,1303,98,"1.6%",28,"1.1%",28,"3.7%",52,"2.2%",56,"10.3%",85,"1.8%",87,"10.8%"
"Hassan Whiteside",30.3,POR,Big,1737,97,"4.8%",10,"0.6%",65,"3.5%",94,"12.9%",98,"29.2%",46,"1.4%",85,"44.3%"
"Andrew Wiggins",24.6,MIN,Wing,1443,85,"1.2%",12,"0.8%",79,"2.5%",75,"3.1%",69,"11.8%",67,"1.2%",52,"7.2%"
"Andrew Wiggins",24.6,GSW,Wing,224,99,"2.2%",94,"2.3%",93,"2.1%",82,"3.8%",20,"7.8%",0,"0.0%",50,"7.1%"
"Grant Williams",20.9,BOS,Big,824,53,"1.8%",65,"1.3%",10,"6.1%",39,"6.1%",3,"10.0%",0,"0.0%",11,"13.0%"
"Johnathan Williams",24.4,WAS,Big,113,51,"1.7%",3,"0.4%",81,"3.0%",78,"10.5%",83,"21.8%",0,"0.0%",5,"10.0%"
"Kenrich Williams",24.9,NOP,Big,756,37,"1.4%",73,"1.4%",42,"4.2%",38,"5.9%",32,"15.4%",54,"2.3%",42,"26.2%"
"Lou Williams",33.0,LAC,Combo,1620,31,"0.3%",13,"0.9%",100,"1.6%",25,"1.5%",18,"8.1%",0,"0.0%",51,"4.2%"
"Marvin Williams",33.3,CHA,Big,804,42,"1.5%",72,"1.4%",68,"3.4%",4,"2.0%",10,"12.4%",0,"0.0%",3,"6.4%"
"Robert Williams",22.0,BOS,Big,260,92,"4.1%",100,"3.0%",31,"4.9%",61,"8.9%",83,"21.9%",0,"0.0%",23,"20.0%"
"Zion Williamson",19.3,NOP,Big,394,9,"0.6%",49,"1.1%",97,"2.0%",87,"11.8%",5,"10.3%",63,"3.3%",58,"31.2%"
"D.J. Wilson",23.6,MIL,Big,129,5,"0.4%",0,"0.0%",54,"3.9%",15,"3.4%",36,"15.9%",0,"0.0%",12,"14.3%"
"Justise Winslow",23.6,MIA,Combo,338,75,"0.8%",11,"0.9%",10,"4.2%",98,"4.9%",100,"16.0%",0,"0.0%",84,"9.5%"
"Christian Wood",24.0,DET,Big,1087,69,"2.4%",44,"1.0%",82,"2.9%",54,"8.0%",78,"21.0%",96,"10.6%",78,"39.1%"
"Delon Wright",27.5,DAL,Combo,1193,67,"0.7%",85,"2.1%",79,"2.6%",97,"4.8%",74,"12.4%",97,"2.9%",33,"2.9%"
"Thaddeus Young",31.3,CHI,Big,1436,12,"0.7%",96,"2.3%",77,"3.1%",35,"5.7%",14,"13.1%",44,"1.4%",57,"30.8%"
"Trae Young",21.1,ATL,Point,1944,9,"0.1%",33,"1.3%",96,"1.7%",22,"1.4%",57,"10.6%",91,"2.1%",57,"4.0%"
"Cody Zeller",27.0,CHA,Big,1215,26,"1.1%",66,"1.3%",47,"4.0%",85,"11.6%",62,"19.4%",0,"0.0%",51,"29.2%"
"Ante Zizic",22.8,CLE,Big,135,27,"1.1%",67,"1.3%",35,"4.5%",63,"9.0%",79,"21.3%",0,"0.0%",91,"50.0%"
"Ivica Zubac",22.6,LAC,Big,1047,76,"2.6%",6,"0.4%",29,"4.9%",97,"14.0%",86,"22.4%",0,"0.0%",81,"42.9%"