Player,Age,Team,Pos,MIN,"FT%","","SFLD%","","FFLD%","","AND1%",""
"","","","","","%","#","%","#","%","#","%","#"
"Shareef Abdur-Rahim",26.8,ATL,Forward,1956,95,"88.0%",0,"0.0%",0,"0.0%",0,""
"Shareef Abdur-Rahim",26.8,POR,Forward,709,78,"82.6%",0,"0.0%",100,"0.1%",0,""
"Malik Allen",25.3,MIA,Big,577,61,"72.4%",0,"0.0%",0,"0.0%",0,""
"Ray Allen",28.2,OKC,Combo,2147,100,"90.3%",0,"0.0%",0,"0.0%",0,""
"Rafer Alston",27.2,MIA,Point,2546,37,"77.7%",0,"0.0%",0,"0.0%",0,""
"Chris Andersen",25.3,DEN,Big,1017,19,"58.9%",0,"0.0%",0,"0.0%",0,""
"Derek Anderson",29.2,POR,Wing,1808,77,"82.4%",0,"0.0%",0,"0.0%",0,""
"Kenny Anderson",33.0,IND,Point,862,4,"67.5%",0,"0.0%",0,"0.0%",0,""
"Shandon Anderson",29.8,NYK,Wing,1917,37,"76.1%",0,"0.0%",0,"0.0%",0,""
"Carmelo Anthony",19.4,DEN,Wing,2985,48,"77.7%",0,"0.0%",0,"0.0%",0,""
"Robert Archibald",23.5,TOR,Big,233,4,"48.1%",0,"0.0%",0,"0.0%",0,""
"Gilbert Arenas",21.8,WAS,Combo,2048,35,"74.8%",0,"0.0%",0,"0.0%",0,""
"Brandon Armstrong",23.3,BKN,Combo,329,"","50.0%",0,"0.0%",0,"0.0%",0,""
"Darrell Armstrong",35.3,NOP,Point,2213,83,"85.0%",0,"0.0%",0,"0.0%",0,""
"Carlos Arroyo",24.2,UTA,Point,2000,52,"80.4%",0,"0.0%",0,"0.0%",0,""
"Chucky Atkins",29.2,BOS,Point,793,38,"77.8%",0,"0.0%",0,"0.0%",0,""
"Chucky Atkins",29.2,DET,Point,718,17,"72.1%",0,"0.0%",0,"0.0%",0,""
"Stacey Augmon",35.2,NOP,Wing,1409,57,"78.8%",0,"0.0%",0,"0.0%",0,""
"Vin Baker",31.9,BOS,Big,1003,63,"73.2%",0,"0.0%",0,"0.0%",0,""
"Vin Baker",31.9,NYK,Big,301,52,"70.7%",0,"0.0%",0,"0.0%",0,""
"Marcus Banks",21.9,BOS,Point,1320,27,"75.4%",0,"0.0%",0,"0.0%",0,""
"Leandro Barbosa",20.9,PHX,Combo,1486,41,"77.0%",0,"0.0%",0,"0.0%",0,""
"Matt Barnes",23.6,LAC,Forward,700,27,"69.5%",0,"0.0%",0,"0.0%",0,""
"Brent Barry",31.8,OKC,Wing,1799,78,"82.7%",0,"0.0%",97,"0.0%",0,""
"Jon Barry",34.2,DEN,Wing,1042,81,"84.1%",0,"0.0%",0,"0.0%",0,""
"Tony Battie",27.7,BOS,Big,492,48,"69.7%",0,"0.0%",0,"0.0%",0,""
"Tony Battie",27.7,CLE,Big,951,79,"76.8%",0,"0.0%",0,"0.0%",0,""
"Shane Battier",25.1,MEM,Wing,1919,21,"72.8%",0,"0.0%",0,"0.0%",0,""
"Lonny Baxter",24.7,CHI,Big,124,"","62.5%",0,"0.0%",0,"0.0%",0,""
"Lonny Baxter",24.7,TOR,Big,478,10,"53.7%",0,"0.0%",0,"0.0%",0,""
"Lonny Baxter",24.7,WAS,Big,115,"","62.5%",0,"0.0%",0,"0.0%",0,""
"Raja Bell",27.1,UTA,Wing,1987,52,"78.4%",0,"0.0%",0,"0.0%",0,""
"Jonathan Bender",22.7,IND,Big,248,99,"87.2%",0,"0.0%",0,"0.0%",0,""
"Travis Best",31.3,DAL,Point,727,92,"88.9%",0,"0.0%",0,"0.0%",0,""
"Mike Bibby",25.4,SAC,Point,2977,58,"81.4%",0,"0.0%",0,"0.0%",0,""
"Chauncey Billups",27.0,DET,Combo,2756,97,"87.8%",0,"0.0%",0,"0.0%",0,""
"Steve Blake",23.6,WAS,Point,1290,71,"83.1%",0,"0.0%",0,"0.0%",0,""
"Corie Blount",34.8,CHI,Big,728,"","54.5%",0,"0.0%",0,"0.0%",0,""
"Corie Blount",34.8,TOR,Big,290,"","66.7%",0,"0.0%",0,"0.0%",0,""
"Mark Blount",27.9,BOS,Big,2398,56,"71.9%",0,"0.0%",0,"0.0%",0,""
"Keith Bogans",23.4,ORL,Wing,1736,7,"63.3%",0,"0.0%",98,"0.0%",0,""
"Calvin Booth",27.4,OKC,Big,1188,87,"79.1%",0,"0.0%",0,"0.0%",0,""
"Carlos Boozer",21.9,CLE,Big,2586,81,"77.0%",0,"0.0%",0,"0.0%",0,""
"Curtis Borchardt",23.1,UTA,Big,248,"","81.2%",0,"0.0%",0,"0.0%",0,""
"Chris Bosh",19.6,TOR,Big,2502,49,"69.9%",0,"0.0%",0,"0.0%",0,""
"Bruce Bowen",32.3,SAS,Wing,2616,2,"57.9%",0,"0.0%",96,"0.0%",0,""
"Ryan Bowen",27.9,DEN,Forward,322,"","80.0%",0,"0.0%",0,"0.0%",0,""
"Earl Boykins",27.4,DEN,Point,1757,88,"87.5%",0,"0.0%",0,"0.0%",0,""
"Shawn Bradley",31.6,DAL,Big,732,93,"83.0%",0,"0.0%",0,"0.0%",0,""
"Torraye Braggs",27.4,HOU,Big,122,"","66.7%",0,"0.0%",0,"0.0%",0,""
"Elton Brand",24.6,LAC,Big,2670,81,"77.2%",0,"0.0%",94,"0.0%",0,""
"J.R. Bremer",23.1,CLE,Combo,386,"","65.0%",0,"0.0%",0,"0.0%",0,""
"Jamison Brewer",22.9,IND,Combo,149,"","25.0%",0,"0.0%",0,"0.0%",0,""
"Devin Brown",24.8,SAS,Combo,515,59,"80.0%",0,"0.0%",0,"0.0%",0,""
"Kedrick Brown",22.6,BOS,Wing,398,"","61.5%",0,"0.0%",0,"0.0%",0,""
"Kedrick Brown",22.6,CLE,Combo,547,"","64.3%",0,"0.0%",0,"0.0%",0,""
"Kwame Brown",21.6,WAS,Big,2191,43,"68.1%",0,"0.0%",0,"0.0%",0,""
"P.J. Brown",34.0,NOP,Big,2751,96,"85.2%",0,"0.0%",0,"0.0%",0,""
"Rick Brunson",31.3,CHI,Point,354,98,"89.7%",0,"0.0%",0,"0.0%",0,""
"Kobe Bryant",25.1,LAL,Wing,2442,87,"85.1%",0,"0.0%",0,"0.0%",0,""
"Greg Buckner",27.1,PHI,Wing,646,"","72.0%",0,"0.0%",0,"0.0%",0,""
"Caron Butler",23.6,MIA,Wing,2000,38,"76.2%",0,"0.0%",0,"0.0%",0,""
"Mitchell Butler",32.8,WAS,Wing,521,"","66.7%",0,"0.0%",0,"0.0%",0,""
"Rasual Butler",24.4,MIA,Wing,626,"","72.2%",0,"0.0%",0,"0.0%",0,""
"Zarko Cabarkapa",22.4,PHX,Forward,559,24,"68.6%",0,"0.0%",0,"0.0%",0,""
"Marcus Camby",29.6,DEN,Big,2162,56,"72.1%",0,"0.0%",87,"0.0%",0,""
"Elden Campbell",35.2,DET,Big,886,46,"68.5%",0,"0.0%",0,"0.0%",0,""
"Brian Cardinal",26.4,GSW,Forward,1603,90,"87.8%",0,"0.0%",93,"0.0%",0,""
"Vince Carter",26.7,TOR,Wing,2781,67,"80.6%",0,"0.0%",0,"0.0%",0,""
"Sam Cassell",33.9,MIN,Point,2840,87,"87.2%",0,"0.0%",0,"0.0%",0,""
"Kelvin Cato",29.1,HOU,Big,1744,41,"67.6%",0,"0.0%",0,"0.0%",0,""
"Tyson Chandler",21.0,CHI,Big,745,45,"68.4%",0,"0.0%",0,"0.0%",0,""
"Calbert Cheaney",32.2,GSW,Wing,2042,3,"61.6%",0,"0.0%",0,"0.0%",0,""
"Doug Christie",33.4,SAC,Wing,2765,90,"85.7%",0,"0.0%",0,"0.0%",0,""
"Speedy Claxton",25.4,GSW,Point,1576,56,"81.1%",0,"0.0%",0,"0.0%",0,""
"Derrick Coleman",36.3,PHI,Big,842,71,"75.4%",0,"0.0%",0,"0.0%",0,""
"Bimbo Coles",35.5,MIA,Combo,149,"","66.7%",0,"0.0%",0,"0.0%",0,""
"Jason Collier",26.1,ATL,Big,544,85,"78.8%",0,"0.0%",0,"0.0%",0,""
"Jarron Collins",24.9,UTA,Big,1689,59,"72.3%",0,"0.0%",91,"0.0%",0,""
"Jason Collins",24.9,BKN,Big,2205,66,"74.2%",0,"0.0%",0,"0.0%",0,""
"Brian Cook",22.9,LAL,Big,393,83,"77.8%",0,"0.0%",0,"0.0%",0,""
"Omar Cook",21.7,POR,Point,134,"","",0,"0.0%",0,"0.0%",0,""
"Chris Crawford",28.4,ATL,Forward,1150,93,"88.0%",0,"0.0%",0,"0.0%",0,""
"Jamal Crawford",23.6,CHI,Combo,2770,76,"83.8%",0,"0.0%",0,"0.0%",0,""
"Austin Croshere",28.5,IND,Forward,950,98,"88.5%",0,"0.0%",0,"0.0%",0,""
"Eddy Curry",20.9,CHI,Big,2131,38,"67.0%",0,"0.0%",97,"0.1%",0,""
"Michael Curry",35.1,TOR,Combo,1221,79,"84.5%",0,"0.0%",0,"0.0%",0,""
"Samuel Dalembert",23.4,PHI,Big,2172,32,"64.9%",0,"0.0%",0,"0.0%",0,""
"Erick Dampier",28.3,GSW,Big,2401,33,"64.9%",0,"0.0%",0,"0.0%",0,""
"Antonio Daniels",28.6,OKC,Point,1486,81,"83.9%",0,"0.0%",0,"0.0%",0,""
"Marquis Daniels",22.8,DAL,Combo,971,44,"77.1%",0,"0.0%",0,"0.0%",0,""
"Antonio Davis",35.0,CHI,Big,2029,79,"76.8%",0,"0.0%",0,"0.0%",0,""
"Antonio Davis",35.0,TOR,Big,543,73,"75.5%",0,"0.0%",0,"0.0%",0,""
"Baron Davis",24.5,NOP,Combo,2685,0,"67.3%",0,"0.0%",0,"0.0%",0,""
"Dale Davis",34.6,POR,Big,1672,25,"61.3%",0,"0.0%",91,"0.0%",0,""
"Ricky Davis",24.1,BOS,Wing,1648,29,"74.1%",0,"0.0%",0,"0.0%",0,""
"Ricky Davis",24.1,CLE,Combo,793,3,"68.0%",0,"0.0%",0,"0.0%",0,""
"Andrew DeClercq",30.7,ORL,Big,1208,93,"81.5%",0,"0.0%",0,"0.0%",0,""
"Tony Delk",29.7,DAL,Combo,487,88,"85.7%",0,"0.0%",0,"0.0%",0,""
"Boris Diaw",21.5,ATL,Big,1848,20,"59.0%",0,"0.0%",0,"0.0%",0,""
"Dan Dickau",25.1,POR,Combo,130,"","75.0%",0,"0.0%",0,"0.0%",0,""
"DeSagana Diop",21.7,CLE,Big,656,"","62.5%",0,"0.0%",0,"0.0%",0,""
"Vlade Divac",35.7,SAC,Big,2310,34,"65.4%",0,"0.0%",86,"0.0%",0,""
"Juan Dixon",25.0,WAS,Combo,1397,53,"78.7%",0,"0.0%",0,"0.0%",0,""
"Michael Doleac",26.3,DEN,Big,318,"","91.7%",0,"0.0%",0,"0.0%",0,""
"Michael Doleac",26.3,NYK,Big,656,96,"86.1%",0,"0.0%",0,"0.0%",0,""
"Keyon Dooling",23.4,LAC,Combo,1090,65,"82.2%",0,"0.0%",0,"0.0%",0,""
"Predrag Drobnjak",28.0,LAC,Big,928,95,"84.9%",0,"0.0%",0,"0.0%",0,""
"Tim Duncan",27.5,SAS,Big,2516,21,"59.9%",0,"0.0%",0,"0.0%",0,""
"Mike Dunleavy",23.1,GSW,Wing,2311,27,"73.8%",0,"0.0%",0,"0.0%",0,""
"Ronald Dupree",22.7,CHI,Wing,844,9,"64.1%",0,"0.0%",0,"0.0%",0,""
"Howard Eisley",30.9,NYK,Point,723,92,"88.9%",0,"0.0%",0,"0.0%",0,""
"Howard Eisley",30.9,PHX,Point,717,69,"83.0%",0,"0.0%",0,"0.0%",0,""
"Francisco Elson",27.6,DEN,Big,813,36,"66.7%",0,"0.0%",0,"0.0%",0,""
"Melvin Ely",25.5,LAC,Big,470,24,"61.1%",0,"0.0%",0,"0.0%",0,""
"Reggie Evans",23.4,OKC,Big,1235,13,"56.9%",0,"0.0%",98,"0.1%",0,""
"Michael Finley",30.6,DAL,Wing,2777,85,"84.8%",0,"0.0%",0,"0.0%",0,""
"Derek Fisher",29.2,LAL,Combo,1682,56,"78.7%",0,"0.0%",100,"0.0%",0,""
"Marcus Fizer",25.2,CHI,Big,718,72,"75.5%",0,"0.0%",0,"0.0%",0,""
"T.J. Ford",20.6,MIL,Point,1479,62,"82.3%",0,"0.0%",0,"0.0%",0,""
"Danny Fortson",27.5,DAL,Big,608,91,"81.1%",0,"0.0%",0,"0.0%",0,""
"Jeff Foster",26.7,IND,Big,1940,37,"66.9%",0,"0.0%",90,"0.0%",0,""
"Tremaine Fowlkes",27.5,DET,Wing,227,"","75.0%",0,"0.0%",0,"0.0%",0,""
"Rick Fox",34.2,LAL,Wing,846,23,"73.3%",0,"0.0%",0,"0.0%",0,""
"Adonal Foyle",28.6,GSW,Big,564,11,"54.3%",0,"0.0%",0,"0.0%",0,""
"Richie Frahm",26.2,OKC,Wing,391,"","88.9%",0,"0.0%",0,"0.0%",0,""
"Steve Francis",26.6,HOU,Point,3192,33,"77.5%",0,"0.0%",0,"0.0%",0,""
"Dan Gadzuric",25.7,MIL,Big,1205,6,"49.1%",0,"0.0%",0,"0.0%",0,""
"Reece Gaines",22.8,ORL,Wing,298,"","53.3%",0,"0.0%",0,"0.0%",0,""
"Kevin Garnett",27.4,MIN,Big,3228,87,"79.1%",0,"0.0%",0,"0.0%",0,""
"Pau Gasol",23.3,MEM,Big,2438,55,"71.2%",0,"0.0%",86,"0.0%",0,""
"Devean George",26.1,LAL,Forward,1931,54,"76.0%",0,"0.0%",0,"0.0%",0,""
"Eddie Gill",25.2,POR,Point,138,"","86.7%",0,"0.0%",0,"0.0%",0,""
"Kendall Gill",35.4,CHI,Wing,1382,26,"73.4%",0,"0.0%",0,"0.0%",0,""
"Manu Ginobili",26.2,SAS,Wing,2241,63,"79.9%",0,"0.0%",0,"0.0%",0,""
"Gordan Giricek",26.3,ORL,Wing,1397,65,"80.3%",0,"0.0%",0,"0.0%",0,""
"Gordan Giricek",26.3,UTA,Wing,600,94,"88.3%",0,"0.0%",0,"0.0%",0,""
"Dion Glover",25.0,ATL,Wing,1440,45,"77.1%",0,"0.0%",0,"0.0%",0,""
"Dion Glover",25.0,TOR,Wing,171,"","71.4%",0,"0.0%",0,"0.0%",0,""
"Drew Gooden",22.1,ORL,Big,2104,27,"62.7%",0,"0.0%",0,"0.0%",0,""
"Brian Grant",31.6,MIA,Big,2298,84,"78.2%",0,"0.0%",88,"0.0%",0,""
"Horace Grant",38.3,LAL,Big,1090,57,"72.2%",0,"0.0%",0,"0.0%",0,""
"Willie Green",22.2,PHI,Wing,716,19,"70.7%",0,"0.0%",0,"0.0%",0,""
"Adrian Griffin",29.3,HOU,Wing,112,"","0.0%",0,"0.0%",0,"0.0%",0,""
"Tom Gugliotta",33.8,PHX,Big,296,"","66.7%",0,"0.0%",0,"0.0%",0,""
"Tom Gugliotta",33.8,UTA,Big,514,"","70.0%",0,"0.0%",0,"0.0%",0,""
"Marcus Haislip",22.8,MIL,Big,227,"","68.0%",0,"0.0%",0,"0.0%",0,""
"Darvin Ham",30.2,DET,Forward,404,12,"66.7%",0,"0.0%",0,"0.0%",0,""
"Richard Hamilton",25.7,DET,Wing,2769,92,"86.7%",0,"0.0%",0,"0.0%",0,""
"Zendon Hamilton",28.5,PHI,Big,440,73,"75.6%",0,"0.0%",0,"0.0%",0,""
"Ben Handlogten",29.9,UTA,Big,160,"","69.6%",0,"0.0%",0,"0.0%",0,""
"Travis Hansen",25.5,ATL,Wing,441,"","72.2%",0,"0.0%",0,"0.0%",0,""
"Anfernee Hardaway",32.2,NYK,Wing,1200,47,"77.5%",0,"0.0%",0,"0.0%",0,""
"Anfernee Hardaway",32.2,PHX,Wing,868,90,"85.7%",0,"0.0%",0,"0.0%",0,""
"Matt Harpring",27.4,UTA,Forward,1129,20,"68.4%",0,"0.0%",0,"0.0%",0,""
"Al Harrington",23.7,IND,Forward,2381,34,"73.5%",0,"0.0%",0,"0.0%",0,""
"Othella Harrington",29.7,NYK,Forward,807,44,"74.3%",0,"0.0%",0,"0.0%",0,""
"Lucious Harris",32.8,BKN,Combo,1470,82,"84.6%",0,"0.0%",0,"0.0%",0,""
"Jason Hart",25.5,SAS,Point,572,92,"88.9%",0,"0.0%",0,"0.0%",0,""
"Donnell Harvey",23.1,ORL,Forward,337,10,"64.9%",0,"0.0%",0,"0.0%",0,""
"Donnell Harvey",23.1,PHX,Big,425,88,"79.5%",0,"0.0%",0,"0.0%",0,""
"Udonis Haslem",23.3,MIA,Big,1765,78,"76.5%",0,"0.0%",96,"0.1%",0,""
"Trenton Hassell",24.6,MIN,Wing,2233,55,"78.7%",0,"0.0%",0,"0.0%",0,""
"Jarvis Hayes",22.2,WAS,Wing,1976,51,"78.4%",0,"0.0%",0,"0.0%",0,""
"Brendan Haywood",23.9,WAS,Big,1471,18,"58.7%",0,"0.0%",0,"0.0%",0,""
"Nene Hilario",21.1,DEN,Big,2505,42,"68.0%",0,"0.0%",0,"0.0%",0,""
"Kirk Hinrich",22.8,CHI,Point,2678,48,"80.4%",0,"0.0%",0,"0.0%",0,""
"Fred Hoiberg",31.0,MIN,Wing,1740,88,"85.1%",0,"0.0%",0,"0.0%",0,""
"Robert Horry",33.1,SAS,Big,1256,31,"64.5%",0,"0.0%",0,"0.0%",0,""
"Eddie House",25.4,LAC,Point,1141,40,"78.6%",0,"0.0%",0,"0.0%",0,""
"Allan Houston",32.5,NYK,Wing,1789,98,"91.3%",0,"0.0%",0,"0.0%",0,""
"Josh Howard",23.5,DAL,Wing,1525,17,"70.6%",0,"0.0%",0,"0.0%",0,""
"Juwan Howard",30.7,ORL,Big,2877,90,"80.9%",0,"0.0%",84,"0.0%",0,""
"Troy Hudson",27.6,MIN,Point,498,60,"81.8%",0,"0.0%",0,"0.0%",0,""
"Larry Hughes",24.7,WAS,Wing,2061,60,"79.6%",0,"0.0%",0,"0.0%",0,""
"Brandon Hunter",22.9,BOS,Big,367,3,"47.4%",0,"0.0%",0,"0.0%",0,""
"Lindsey Hunter",32.9,DET,Combo,588,"","50.0%",0,"0.0%",0,"0.0%",0,""
"Steven Hunter",22.0,ORL,Big,734,0,"35.8%",0,"0.0%",0,"0.0%",0,""
"Zydrunas Ilgauskas",28.4,CLE,Big,2539,67,"74.6%",0,"0.0%",0,"0.0%",0,""
"Allen Iverson",28.4,PHI,Combo,2037,26,"74.2%",0,"0.0%",0,"0.0%",0,""
"Bobby Jackson",30.6,SAC,Combo,1140,29,"74.5%",0,"0.0%",0,"0.0%",0,""
"Jim Jackson",33.0,HOU,Wing,3114,83,"84.3%",0,"0.0%",0,"0.0%",0,""
"Marc Jackson",28.7,PHI,Big,585,89,"80.0%",0,"0.0%",0,"0.0%",0,""
"Mark Jackson",38.5,HOU,Point,555,15,"71.8%",0,"0.0%",0,"0.0%",0,""
"Stephen Jackson",25.5,ATL,Wing,2925,58,"79.0%",0,"0.0%",0,"0.0%",0,""
"Casey Jacobsen",22.6,PHX,Combo,1803,62,"81.7%",0,"0.0%",0,"0.0%",0,""
"Jerome James",27.9,OKC,Big,989,35,"66.0%",0,"0.0%",0,"0.0%",0,""
"LeBron James",18.8,CLE,Wing,3119,31,"75.4%",0,"0.0%",0,"0.0%",0,""
"Mike James",28.3,BOS,Point,1681,54,"80.6%",0,"0.0%",0,"0.0%",0,""
"Mike James",28.3,DET,Point,440,"","89.5%",0,"0.0%",0,"0.0%",0,""
"Antawn Jamison",27.3,DAL,Forward,2337,46,"74.7%",0,"0.0%",0,"0.0%",0,""
"Marko Jaric",24.8,LAC,Wing,1748,22,"73.3%",0,"0.0%",0,"0.0%",0,""
"Chris Jefferies",23.7,CHI,Forward,172,"","64.7%",0,"0.0%",0,"0.0%",0,""
"Richard Jefferson",23.3,BKN,Wing,3120,41,"76.2%",0,"0.0%",0,"0.0%",0,""
"Jared Jeffries",21.9,WAS,Forward,1831,7,"62.3%",0,"0.0%",0,"0.0%",0,""
"Britton Johnsen",24.3,ORL,Wing,274,"","58.3%",0,"0.0%",0,"0.0%",0,""
"Anthony Johnson",29.0,IND,Point,1544,50,"80.4%",0,"0.0%",0,"0.0%",0,""
"Avery Johnson",38.6,GSW,Point,613,6,"67.6%",0,"0.0%",0,"0.0%",0,""
"DerMarr Johnson",23.4,NYK,Wing,245,97,"89.3%",0,"0.0%",0,"0.0%",0,""
"Ervin Johnson",35.8,MIN,Big,956,23,"60.7%",0,"0.0%",0,"0.0%",0,""
"Joe Johnson",22.3,PHX,Wing,3312,30,"75.0%",0,"0.0%",0,"0.0%",0,""
"Linton Johnson",23.3,CHI,Forward,698,5,"57.1%",0,"0.0%",0,"0.0%",0,""
"Dahntay Jones",22.8,MEM,Wing,140,"","44.4%",0,"0.0%",0,"0.0%",0,""
"Damon Jones",27.1,MIL,Point,1981,29,"76.4%",0,"0.0%",0,"0.0%",0,""
"Eddie Jones",32.0,MIA,Wing,2988,80,"83.4%",0,"0.0%",95,"0.0%",0,""
"Fred Jones",24.6,IND,Wing,1394,76,"82.3%",0,"0.0%",0,"0.0%",0,""
"Jumaine Jones",24.7,BOS,Forward,315,"","58.8%",0,"0.0%",0,"0.0%",0,""
"Chris Kaman",21.5,LAC,Big,1825,47,"69.6%",0,"0.0%",0,"0.0%",0,""
"Jason Kapono",22.7,CLE,Wing,373,"","83.3%",0,"0.0%",0,"0.0%",0,""
"Jason Kidd",30.6,BKN,Point,2457,65,"82.7%",0,"0.0%",0,"0.0%",0,""
"Andrei Kirilenko",22.6,UTA,Forward,2902,66,"79.0%",0,"0.0%",0,"0.0%",0,""
"Kerry Kittles",29.3,BKN,Wing,2838,53,"78.7%",0,"0.0%",0,"0.0%",0,""
"Brevin Knight",27.9,MIL,Point,403,25,"75.0%",0,"0.0%",0,"0.0%",0,""
"Brevin Knight",27.9,WAS,Point,589,8,"70.4%",0,"0.0%",0,"0.0%",0,""
"Kyle Korver",22.6,PHI,Wing,805,"","79.2%",0,"0.0%",0,"0.0%",0,""
"Toni Kukoc",35.1,MIL,Forward,1500,37,"73.6%",0,"0.0%",98,"0.1%",0,""
"Christian Laettner",34.2,WAS,Forward,973,68,"79.2%",0,"0.0%",96,"0.0%",0,""
"Raef LaFrentz",27.4,BOS,Big,327,"","76.9%",0,"0.0%",0,"0.0%",0,""
"Maciej Lampe",18.7,PHX,Big,211,"","76.9%",0,"0.0%",0,"0.0%",0,""
"Voshon Lenard",30.4,DEN,Wing,2234,59,"79.1%",0,"0.0%",0,"0.0%",0,""
"Rashard Lewis",24.2,OKC,Forward,2927,59,"76.1%",0,"0.0%",91,"0.0%",0,""
"Raul Lopez",23.5,UTA,Point,1574,85,"86.1%",0,"0.0%",0,"0.0%",0,""
"Tyronn Lue",26.4,ORL,Point,2330,31,"77.1%",0,"0.0%",0,"0.0%",0,""
"George Lynch",33.1,NOP,Wing,1664,10,"65.3%",0,"0.0%",0,"0.0%",0,""
"Mark Madsen",27.7,MIN,Big,1213,6,"49.1%",0,"0.0%",96,"0.0%",0,""
"Corey Maggette",23.9,LAC,Wing,2624,86,"84.8%",0,"0.0%",95,"0.0%",0,""
"Jamaal Magloire",25.4,NOP,Big,2789,70,"75.0%",0,"0.0%",94,"0.0%",0,""
"Karl Malone",40.2,LAL,Big,1378,68,"74.7%",0,"0.0%",0,"0.0%",0,""
"Stephon Marbury",26.6,PHX,Point,1413,44,"79.2%",0,"0.0%",0,"0.0%",0,""
"Stephon Marbury",26.6,NYK,Point,1830,73,"83.5%",0,"0.0%",0,"0.0%",0,""
"Shawn Marion",25.4,PHX,Forward,3202,88,"85.1%",0,"0.0%",0,"0.0%",0,""
"Donyell Marshall",30.4,CHI,Forward,402,"","70.0%",0,"0.0%",0,"0.0%",0,""
"Donyell Marshall",30.4,TOR,Big,2571,65,"74.1%",0,"0.0%",0,"0.0%",0,""
"Darrick Martin",32.6,MIN,Point,155,"","100.0%",0,"0.0%",0,"0.0%",0,""
"Kenyon Martin",25.8,BKN,Big,2252,44,"68.4%",0,"0.0%",88,"0.0%",0,""
"Jamal Mashburn",30.9,NOP,Wing,729,71,"81.2%",0,"0.0%",0,"0.0%",0,""
"Desmond Mason",26.0,MIL,Wing,2515,44,"77.0%",0,"0.0%",0,"0.0%",0,""
"Roger Mason Jr.",23.1,TOR,Combo,264,"","87.5%",0,"0.0%",0,"0.0%",0,""
"Tony Massenburg",36.2,SAC,Big,729,44,"68.3%",0,"0.0%",0,"0.0%",0,""
"Walter McCarty",29.7,BOS,Big,1879,73,"75.6%",0,"0.0%",0,"0.0%",0,""
"Amal McCaskill",30.0,PHI,Big,592,"","69.6%",0,"0.0%",0,"0.0%",0,""
"Antonio McDyess",29.1,NYK,Big,422,15,"57.9%",0,"0.0%",0,"0.0%",0,""
"Antonio McDyess",29.1,PHX,Big,505,8,"51.6%",0,"0.0%",0,"0.0%",0,""
"Tracy McGrady",24.4,ORL,Wing,2681,62,"79.6%",0,"0.0%",0,"0.0%",0,""
"Jeff McInnis",29.0,POR,Combo,1258,38,"75.0%",0,"0.0%",0,"0.0%",0,""
"Jeff McInnis",29.0,CLE,Point,1100,77,"83.6%",0,"0.0%",0,"0.0%",0,""
"Aaron McKie",31.0,PHI,Wing,2101,35,"75.7%",0,"0.0%",0,"0.0%",0,""
"Keith McLeod",23.9,MIN,Point,360,21,"74.3%",0,"0.0%",0,"0.0%",0,""
"Slava Medvedenko",24.5,LAL,Big,1403,75,"75.7%",0,"0.0%",93,"0.0%",0,""
"Ron Mercer",27.4,SAS,Wing,479,"","76.5%",0,"0.0%",0,"0.0%",0,""
"Chris Mihm",24.2,BOS,Big,913,29,"64.2%",0,"0.0%",0,"0.0%",0,""
"Chris Mihm",24.2,CLE,Big,391,47,"69.6%",0,"0.0%",0,"0.0%",0,""
"Darius Miles",22.0,CLE,Forward,883,0,"54.2%",0,"0.0%",0,"0.0%",0,""
"Darius Miles",22.0,POR,Wing,1177,15,"70.0%",0,"0.0%",0,"0.0%",0,""
"Andre Miller",27.6,DEN,Combo,2837,74,"83.2%",0,"0.0%",0,"0.0%",0,""
"Brad Miller",27.5,SAC,Big,2617,84,"78.0%",0,"0.0%",85,"0.0%",0,""
"Mike Miller",23.6,MEM,Wing,1755,20,"71.9%",0,"0.0%",0,"0.0%",0,""
"Oliver Miller",33.5,MIN,Big,475,"","66.7%",0,"0.0%",0,"0.0%",0,""
"Reggie Miller",38.1,IND,Wing,2255,95,"88.5%",0,"0.0%",0,"0.0%",0,""
"Yao Ming",23.1,HOU,Big,2698,92,"81.1%",0,"0.0%",0,"0.0%",0,""
"Cuttino Mobley",28.1,HOU,Wing,3226,69,"80.9%",0,"0.0%",0,"0.0%",0,""
"Nazr Mohammed",26.1,ATL,Big,891,26,"61.6%",0,"0.0%",0,"0.0%",0,""
"Nazr Mohammed",26.1,NYK,Big,667,10,"52.6%",0,"0.0%",0,"0.0%",0,""
"Jerome Moiso",25.3,TOR,Big,393,21,"59.5%",0,"0.0%",0,"0.0%",0,""
"Mikki Moore",27.9,UTA,Big,361,98,"87.1%",0,"0.0%",0,"0.0%",0,""
"Alonzo Mourning",33.7,BKN,Big,215,100,"88.2%",0,"0.0%",99,"0.2%",0,""
"Troy Murphy",23.4,GSW,Big,591,67,"74.4%",0,"0.0%",0,"0.0%",0,""
"Lamond Murray",30.5,TOR,Forward,504,22,"68.6%",0,"0.0%",0,"0.0%",0,""
"Ronald Murray",24.2,OKC,Combo,1976,18,"71.3%",0,"0.0%",0,"0.0%",0,""
"Dikembe Mutombo",37.3,NYK,Big,1490,41,"67.8%",0,"0.0%",0,"0.0%",0,""
"Bostjan Nachbar",23.3,HOU,Wing,447,"","66.7%",0,"0.0%",0,"0.0%",0,""
"Lee Nailon",28.6,ATL,Forward,288,"","83.3%",0,"0.0%",0,"0.0%",0,""
"Lee Nailon",28.6,CLE,Forward,363,83,"84.6%",0,"0.0%",0,"0.0%",0,""
"Eduardo Najera",27.3,DAL,Big,659,40,"67.5%",0,"0.0%",0,"0.0%",0,""
"Steve Nash",29.7,DAL,Point,2606,100,"91.6%",0,"0.0%",0,"0.0%",0,""
"Mamadou N'diaye",28.3,ATL,Big,322,53,"71.1%",0,"0.0%",0,"0.0%",0,""
"Rasho Nesterovic",27.4,SAS,Big,2343,2,"46.9%",0,"0.0%",0,"0.0%",0,""
"Ira Newble",28.7,CLE,Wing,1234,50,"78.3%",0,"0.0%",0,"0.0%",0,""
"Moochie Norris",30.2,HOU,Point,370,"","73.9%",0,"0.0%",0,"0.0%",0,""
"Moochie Norris",30.2,NYK,Point,384,63,"82.5%",0,"0.0%",0,"0.0%",0,""
"Dirk Nowitzki",25.3,DAL,Big,2909,99,"87.6%",0,"0.0%",0,"0.0%",0,""
"Lamar Odom",23.9,MIA,Forward,2997,41,"74.2%",0,"0.0%",0,"0.0%",0,""
"Mehmet Okur",24.4,DET,Big,1560,82,"77.5%",0,"0.0%",0,"0.0%",0,""
"Kevin Ollie",30.8,CLE,Point,1345,67,"82.9%",0,"0.0%",0,"0.0%",0,""
"Michael Olowokandi",28.5,MIN,Big,908,17,"58.6%",0,"0.0%",0,"0.0%",0,""
"Jermaine O'Neal",25.0,IND,Big,2769,76,"75.7%",0,"0.0%",84,"0.0%",0,""
"Shaquille O'Neal",31.6,LAL,Big,2462,4,"48.9%",0,"0.0%",0,"0.0%",0,""
"Greg Ostertag",30.6,UTA,Big,2124,16,"57.9%",0,"0.0%",0,"0.0%",0,""
"Bo Outlaw",32.5,MEM,Big,1582,9,"52.6%",0,"0.0%",0,"0.0%",0,""
"Doug Overton",34.2,LAC,Point,1000,8,"70.4%",0,"0.0%",0,"0.0%",0,""
"Zaza Pachulia",19.7,ORL,Big,605,24,"61.1%",0,"0.0%",0,"0.0%",0,""
"Robert Pack",34.7,BKN,Point,187,"","100.0%",0,"0.0%",100,"0.3%",0,""
"Scott Padgett",27.5,HOU,Big,491,"","73.9%",0,"0.0%",0,"0.0%",0,""
"Milt Palacio",25.7,TOR,Point,1182,2,"66.2%",0,"0.0%",0,"0.0%",0,""
"Jannero Pargo",24.0,CHI,Combo,321,"","84.0%",0,"0.0%",0,"0.0%",0,""
"Tony Parker",21.4,SAS,Point,2569,12,"70.6%",0,"0.0%",0,"0.0%",0,""
"Ruben Patterson",28.2,POR,Wing,1645,1,"55.6%",0,"0.0%",0,"0.0%",0,""
"Sasha Pavlovic",19.9,UTA,Wing,1082,36,"76.1%",0,"0.0%",0,"0.0%",0,""
"Gary Payton",35.2,LAL,Point,2834,13,"71.4%",0,"0.0%",0,"0.0%",0,""
"Anthony Peeler",33.9,SAC,Combo,1300,68,"82.8%",0,"0.0%",0,"0.0%",0,""
"Wesley Person",32.5,ATL,Wing,130,"","100.0%",0,"0.0%",0,"0.0%",0,""
"Wesley Person",32.5,MEM,Wing,278,"","75.0%",0,"0.0%",0,"0.0%",0,""
"Wesley Person",32.5,POR,Wing,607,"","76.0%",0,"0.0%",0,"0.0%",0,""
"Morris Peterson",26.1,TOR,Wing,2111,70,"81.1%",0,"0.0%",0,"0.0%",0,""
"Eric Piatkowski",33.0,HOU,Wing,657,"","85.7%",0,"0.0%",0,"0.0%",0,""
"Paul Pierce",26.0,BOS,Wing,3095,74,"81.9%",0,"0.0%",93,"0.0%",0,""
"Mickael Pietrus",21.7,GSW,Combo,725,6,"68.5%",0,"0.0%",0,"0.0%",0,""
"Scottie Pippen",38.0,CHI,Wing,410,5,"63.0%",0,"0.0%",0,"0.0%",0,""
"Zoran Planinic",21.1,BKN,Wing,371,6,"63.0%",0,"0.0%",0,"0.0%",0,""
"Scot Pollard",28.7,IND,Big,636,"","57.1%",0,"0.0%",0,"0.0%",0,""
"James Posey",26.7,MEM,Wing,2423,79,"83.3%",0,"0.0%",0,"0.0%",0,""
"Vitaly Potapenko",28.6,OKC,Big,1406,30,"64.4%",0,"0.0%",95,"0.0%",0,""
"Tayshaun Prince",23.6,DET,Wing,2665,43,"76.6%",0,"0.0%",0,"0.0%",0,""
"Joel Przybilla",24.0,ATL,Big,305,1,"41.4%",0,"0.0%",0,"0.0%",0,""
"Vladimir Radmanovic",22.9,OKC,Forward,2282,49,"75.2%",0,"0.0%",0,"0.0%",0,""
"Zach Randolph",22.2,POR,Big,3055,77,"76.1%",0,"0.0%",0,"0.0%",0,""
"Theo Ratliff",30.5,POR,Big,1012,27,"63.2%",0,"0.0%",0,"0.0%",0,""
"Theo Ratliff",30.5,ATL,Big,1643,33,"65.3%",0,"0.0%",93,"0.0%",0,""
"Zeljko Rebraca",31.5,DET,Big,207,80,"76.9%",0,"0.0%",100,"0.2%",0,""
"Michael Redd",24.1,MIL,Wing,3015,93,"86.8%",0,"0.0%",0,"0.0%",0,""
"Glen Rice",36.4,LAC,Wing,253,"","100.0%",0,"0.0%",0,"0.0%",0,""
"Jason Richardson",22.7,GSW,Wing,2929,14,"68.1%",0,"0.0%",0,"0.0%",0,""
"Quentin Richardson",23.5,LAC,Combo,2334,24,"74.0%",0,"0.0%",0,"0.0%",0,""
"Luke Ridnour",22.7,OKC,Point,1040,75,"83.6%",0,"0.0%",0,"0.0%",0,""
"Clifford Robinson",36.8,GSW,Big,2836,54,"71.1%",0,"0.0%",0,"0.0%",0,""
"Eddie Robinson",27.5,CHI,Wing,959,12,"66.7%",0,"0.0%",0,"0.0%",0,""
"Glenn Robinson",30.8,PHI,Forward,1340,80,"83.2%",0,"0.0%",0,"0.0%",0,""
"Rodney Rogers",32.3,BKN,Forward,1351,51,"75.5%",0,"0.0%",0,"0.0%",0,""
"Sean Rooks",34.1,ORL,Big,269,"","95.5%",0,"0.0%",0,"0.0%",0,""
"Sean Rooks",34.1,NOP,Big,306,"","80.0%",0,"0.0%",0,"0.0%",0,""
"Jalen Rose",30.7,TOR,Forward,1983,76,"82.2%",0,"0.0%",0,"0.0%",0,""
"Jalen Rose",30.7,CHI,Wing,524,42,"76.5%",0,"0.0%",0,"0.0%",0,""
"Malik Rose",28.9,SAS,Big,1176,90,"80.9%",0,"0.0%",0,"0.0%",0,""
"Michael Ruffin",26.7,UTA,Big,721,1,"41.2%",0,"0.0%",0,"0.0%",0,""
"Kareem Rush",23.0,LAL,Wing,1155,0,"55.3%",0,"0.0%",0,"0.0%",0,""
"Bryon Russell",32.8,LAL,Wing,847,40,"76.2%",0,"0.0%",0,"0.0%",0,""
"John Salmons",23.8,PHI,Forward,1538,63,"76.7%",0,"0.0%",0,"0.0%",0,""
"Jamal Sampson",20.4,LAL,Big,115,"","58.3%",0,"0.0%",0,"0.0%",0,""
"Daniel Santiago",27.3,MIL,Big,682,39,"67.4%",0,"0.0%",0,"0.0%",0,""
"Brian Scalabrine",25.6,BKN,Forward,816,73,"82.0%",0,"0.0%",0,"0.0%",0,""
"Ansu Sesay",27.2,OKC,Forward,530,17,"68.2%",0,"0.0%",0,"0.0%",0,""
"Bobby Simmons",23.4,LAC,Forward,1339,85,"84.8%",0,"0.0%",0,"0.0%",0,""
"Brian Skinner",27.4,MIL,Big,1579,14,"57.2%",0,"0.0%",0,"0.0%",0,""
"Tamar Slay",23.5,BKN,Wing,113,"","66.7%",0,"0.0%",0,"0.0%",0,""
"Jabari Smith",26.7,SAC,Big,112,"","60.0%",0,"0.0%",0,"0.0%",0,""
"Joe Smith",28.2,MIL,Big,2253,97,"86.2%",0,"0.0%",0,"0.0%",0,""
"Steven Smith",34.5,NOP,Wing,883,99,"92.2%",0,"0.0%",0,"0.0%",0,""
"Theron Smith",23.0,MEM,Wing,169,"","83.3%",0,"0.0%",0,"0.0%",0,""
"Eric Snow",30.5,PHI,Point,2960,46,"79.7%",0,"0.0%",0,"0.0%",0,""
"Darius Songaila",25.7,SAC,Big,894,86,"78.9%",0,"0.0%",0,"0.0%",0,""
"Latrell Sprewell",33.1,MIN,Wing,3090,73,"81.4%",0,"0.0%",94,"0.0%",0,""
"Jerry Stackhouse",28.9,WAS,Wing,768,64,"80.2%",0,"0.0%",0,"0.0%",0,""
"Vladimir Stepania",27.4,POR,Big,437,22,"60.0%",0,"0.0%",0,"0.0%",0,""
"DeShawn Stevenson",22.5,UTA,Wing,1502,13,"66.9%",0,"0.0%",99,"0.0%",0,""
"DeShawn Stevenson",22.5,ORL,Combo,921,9,"70.1%",0,"0.0%",0,"0.0%",0,""
"Peja Stojakovic",26.3,SAC,Wing,3262,100,"92.7%",0,"0.0%",0,"0.0%",0,""
"Damon Stoudamire",30.1,POR,Point,3115,90,"87.6%",0,"0.0%",0,"0.0%",0,""
"Amar'e Stoudemire",20.9,PHX,Big,2013,53,"71.1%",0,"0.0%",0,"0.0%",0,""
"Erick Strickland",29.9,MIL,Combo,534,94,"87.5%",0,"0.0%",0,"0.0%",0,""
"Rod Strickland",37.3,TOR,Point,283,"","68.2%",0,"0.0%",0,"0.0%",0,""
"Rod Strickland",37.3,ORL,Point,914,23,"74.3%",0,"0.0%",0,"0.0%",0,""
"Bob Sura",30.6,DET,Combo,674,21,"71.6%",0,"0.0%",0,"0.0%",0,""
"Bob Sura",30.6,ATL,Combo,932,50,"78.4%",0,"0.0%",0,"0.0%",0,""
"Michael Sweetney",21.0,NYK,Big,431,59,"72.3%",0,"0.0%",0,"0.0%",0,""
"Stromile Swift",23.9,MEM,Big,1499,58,"72.3%",0,"0.0%",0,"0.0%",0,""
"Wally Szczerbiak",26.6,MIN,Wing,586,84,"84.5%",0,"0.0%",0,"0.0%",0,""
"Maurice Taylor",27.0,HOU,Big,2053,64,"73.4%",0,"0.0%",89,"0.0%",0,""
"Jason Terry",26.1,ATL,Combo,2987,71,"82.9%",0,"0.0%",0,"0.0%",0,""
"Etan Thomas",25.5,WAS,Big,1831,28,"63.8%",0,"0.0%",89,"0.0%",0,""
"Kenny Thomas",26.2,PHI,Big,2692,70,"75.2%",0,"0.0%",0,"0.0%",0,""
"Kurt Thomas",31.0,NYK,Big,2538,94,"83.5%",0,"0.0%",0,"0.0%",0,""
"Tim Thomas",26.6,NYK,Wing,737,66,"80.4%",0,"0.0%",0,"0.0%",0,""
"Tim Thomas",26.6,MIL,Forward,1340,61,"76.2%",0,"0.0%",0,"0.0%",0,""
"Jamaal Tinsley",25.6,IND,Point,1362,19,"73.1%",0,"0.0%",0,"0.0%",0,""
"Robert Traylor",26.7,NOP,Big,899,12,"54.8%",0,"0.0%",0,"0.0%",0,""
"Gary Trent",29.1,MIN,Big,984,69,"74.7%",0,"0.0%",0,"0.0%",0,""
"Jake Tsakalidis",24.3,MEM,Big,521,19,"59.0%",0,"0.0%",98,"0.1%",0,""
"Nikoloz Tskitishvili",20.5,DEN,Big,212,"","81.8%",0,"0.0%",0,"0.0%",0,""
"Hedo Turkoglu",24.6,SAS,Wing,2023,16,"70.1%",0,"0.0%",0,"0.0%",0,""
"Nick Van Exel",31.9,GSW,Combo,1254,15,"70.7%",0,"0.0%",0,"0.0%",0,""
"Keith Van Horn",28.0,NYK,Forward,1572,71,"81.9%",0,"0.0%",0,"0.0%",0,""
"Keith Van Horn",28.0,MIL,Forward,765,100,"94.5%",0,"0.0%",0,"0.0%",0,""
"Jacque Vaughn",28.7,ATL,Point,1220,42,"78.8%",0,"0.0%",98,"0.0%",0,""
"Jake Voskuhl",25.9,PHX,Big,1591,64,"73.7%",0,"0.0%",92,"0.0%",0,""
"Dwyane Wade",21.7,MIA,Combo,2121,32,"74.7%",0,"0.0%",0,"0.0%",0,""
"Dajuan Wagner",20.7,CLE,Combo,660,12,"70.5%",0,"0.0%",0,"0.0%",0,""
"Antoine Walker",27.2,DAL,Forward,2832,2,"55.4%",0,"0.0%",0,"0.0%",0,""
"Samaki Walker",27.6,MIA,Big,403,30,"64.3%",0,"0.0%",0,"0.0%",0,""
"Ben Wallace",29.1,DET,Big,3049,5,"49.0%",0,"0.0%",0,"0.0%",0,""
"Gerald Wallace",21.2,SAC,Wing,311,"","45.5%",0,"0.0%",0,"0.0%",0,""
"John Wallace",29.7,MIA,Wing,320,71,"81.2%",0,"0.0%",0,"0.0%",0,""
"Rasheed Wallace",29.1,POR,Forward,1674,39,"74.2%",0,"0.0%",0,"0.0%",0,""
"Rasheed Wallace",29.1,DET,Big,672,50,"70.4%",0,"0.0%",0,"0.0%",0,""
"Luke Walton",23.5,LAL,Big,618,76,"75.8%",0,"0.0%",0,"0.0%",0,""
"Charlie Ward",33.0,SAS,Point,373,"","75.0%",0,"0.0%",0,"0.0%",0,""
"Charlie Ward",33.0,NYK,Combo,808,"","73.7%",0,"0.0%",0,"0.0%",0,""
"Earl Watson",24.3,MEM,Point,1636,0,"65.2%",0,"0.0%",0,"0.0%",0,""
"Clarence Weatherspoon",33.1,NYK,Big,208,"","94.7%",0,"0.0%",0,"0.0%",0,""
"Clarence Weatherspoon",33.1,HOU,Big,632,36,"66.0%",0,"0.0%",0,"0.0%",0,""
"Chris Webber",30.6,SAC,Big,832,51,"70.5%",0,"0.0%",0,"0.0%",0,""
"Bonzi Wells",27.0,MEM,Wing,1445,33,"75.5%",0,"0.0%",0,"0.0%",0,""
"Bonzi Wells",27.0,POR,Wing,402,49,"77.8%",0,"0.0%",0,"0.0%",0,""
"Jiri Welsch",23.7,BOS,Wing,2153,28,"74.0%",0,"0.0%",0,"0.0%",0,""
"David Wesley",32.9,NOP,Wing,1997,34,"75.6%",0,"0.0%",0,"0.0%",0,""
"David West",23.1,NOP,Big,886,60,"72.4%",0,"0.0%",0,"0.0%",0,""
"Jahidi White",27.6,PHX,Big,862,7,"50.0%",0,"0.0%",0,"0.0%",0,""
"Rodney White",23.3,DEN,Forward,917,54,"76.0%",0,"0.0%",0,"0.0%",0,""
"Chris Whitney",32.0,WAS,Point,178,"","100.0%",0,"0.0%",0,"0.0%",0,""
"Chris Wilcox",21.1,LAC,Big,1326,50,"70.0%",0,"0.0%",0,"0.0%",0,""
"Mike Wilks",24.4,HOU,Combo,106,"","66.7%",0,"0.0%",0,"0.0%",0,""
"Aaron Williams",32.0,BKN,Big,1255,39,"67.4%",0,"0.0%",0,"0.0%",0,""
"Alvin Williams",29.2,TOR,Point,1728,35,"77.6%",0,"0.0%",0,"0.0%",0,""
"Eric Williams",31.2,CLE,Wing,1371,56,"78.7%",0,"0.0%",0,"0.0%",0,""
"Eric Williams",31.2,BOS,Forward,508,29,"71.6%",0,"0.0%",0,"0.0%",0,""
"Frank Williams",23.6,NYK,Combo,668,85,"85.4%",0,"0.0%",0,"0.0%",0,""
"Jason Williams",27.9,MEM,Point,2104,79,"83.7%",0,"0.0%",0,"0.0%",0,""
"Jerome Williams",30.4,TOR,Big,398,61,"72.4%",0,"0.0%",99,"0.1%",0,""
"Jerome Williams",30.4,CHI,Forward,1204,15,"66.9%",0,"0.0%",0,"0.0%",0,""
"Mo Williams",20.8,UTA,Combo,713,47,"77.8%",0,"0.0%",0,"0.0%",0,""
"Scott Williams",35.6,PHX,Big,270,"","69.2%",0,"0.0%",0,"0.0%",0,""
"Scott Williams",35.6,DAL,Big,248,"","50.0%",0,"0.0%",0,"0.0%",0,""
"Shammond Williams",28.5,ORL,Combo,486,91,"86.8%",0,"0.0%",0,"0.0%",0,""
"Shammond Williams",28.5,NOP,Point,237,"","81.8%",0,"0.0%",0,"0.0%",0,""
"Corliss Williamson",29.9,DET,Forward,1545,32,"73.3%",0,"0.0%",0,"0.0%",0,""
"Kevin Willis",41.1,SAS,Big,275,16,"58.1%",0,"0.0%",0,"0.0%",0,""
"Loren Woods",25.3,MIA,Big,473,13,"55.1%",0,"0.0%",0,"0.0%",0,""
"Qyntel Woods",22.7,POR,Wing,628,8,"63.8%",0,"0.0%",0,"0.0%",0,""
"Metta World Peace",23.9,IND,Wing,2699,24,"73.3%",0,"0.0%",100,"0.0%",0,""
"Lorenzen Wright",27.9,MEM,Big,1653,62,"72.9%",0,"0.0%",0,"0.0%",0,""