Player,Age,Team,Pos,MIN,Usage,"",PSA,"","AST%","","AST:Usg","","TOV%",""
"","","","","","%","#","%","#","%","#","%","#","%","#"
"Steven Adams",26.2,OKC,Big,1448,59,"17.0%",65,120.8,85,"13.7%",87,0.80,48,"13.8%"
"Bam Adebayo",22.2,MIA,Big,2035,85,"21.4%",66,121.2,99,"22.8%",98,1.07,17,"16.8%"
"LaMarcus Aldridge",34.2,SAS,Big,1706,88,"22.4%",49,116.0,77,"11.9%",43,0.53,92,"8.4%"
"Nickeil Alexander-Walker",21.1,NOP,Combo,444,72,"23.7%",15,94.5,56,"20.2%",48,0.86,26,"13.7%"
"Grayson Allen",24.0,MEM,Wing,466,54,"16.5%",70,115.9,59,"11.3%",64,0.68,50,"11.5%"
"Jarrett Allen",21.5,BKN,Big,1532,25,"13.5%",87,132.6,40,"7.8%",55,0.58,62,"12.9%"
"Al-Farouq Aminu",29.1,ORL,Forward,380,27,"13.6%",1,77.2,61,"8.8%",70,0.65,18,"14.0%"
"Kyle Anderson",26.1,MEM,Forward,979,37,"14.2%",43,107.2,88,"15.9%",93,1.12,31,"13.1%"
"Giannis Antetokounmpo",24.9,MIL,Big,1621,100,"37.4%",72,122.9,99,"33.0%",90,0.88,60,"13.2%"
"Carmelo Anthony",35.4,POR,Big,1467,82,"21.2%",7,100.9,22,"6.3%",3,0.30,78,"11.1%"
"OG Anunoby",22.2,TOR,Forward,1697,31,"13.7%",73,116.8,43,"7.6%",54,0.55,39,"12.8%"
"Ryan Arcidiacono",25.6,CHI,Wing,843,24,"13.0%",53,111.1,77,"14.7%",95,1.13,21,"13.9%"
"Trevor Ariza",34.3,POR,Forward,530,7,"11.4%",91,124.2,31,"6.8%",64,0.59,15,"14.9%"
"Trevor Ariza",34.3,SAC,Forward,768,6,"11.4%",39,106.3,63,"9.2%",87,0.81,34,"13.0%"
"D.J. Augustin",31.9,ORL,Point,1083,30,"21.6%",61,111.4,46,"28.1%",78,1.31,74,"11.3%"
"Deandre Ayton",21.2,PHX,Big,950,85,"21.4%",46,114.5,58,"9.2%",24,0.43,53,"13.6%"
"Dwayne Bacon",24.1,CHA,Wing,645,73,"20.2%",3,84.2,67,"12.2%",47,0.60,36,"12.7%"
"Marvin Bagley",20.6,SAC,Big,326,91,"22.9%",11,102.9,10,"5.2%",1,0.23,82,"10.4%"
"Lonzo Ball",22.0,NOP,Combo,1610,59,"20.9%",36,102.5,87,"28.9%",95,1.38,5,"17.7%"
"Mohamed Bamba",21.4,ORL,Big,800,48,"15.8%",37,111.3,32,"7.3%",31,0.46,49,"13.7%"
"J.J. Barea",35.3,DAL,Point,273,83,"31.5%",48,108.7,98,"38.4%",65,1.22,30,"14.5%"
"Harrison Barnes",27.4,SAC,Forward,2032,63,"17.2%",63,114.5,66,"9.3%",51,0.54,81,"9.4%"
"RJ Barrett",19.3,NYK,Wing,1476,84,"23.2%",12,93.9,68,"12.2%",29,0.52,30,"13.1%"
"Will Barton",28.8,DEN,Wing,1690,77,"20.7%",41,107.7,82,"16.2%",78,0.78,73,"9.5%"
"Keita Bates-Diop",23.7,MIN,Big,613,37,"14.6%",24,107.9,37,"7.7%",41,0.53,98,"6.1%"
"Nicolas Batum",30.8,CHA,Wing,488,16,"11.9%",11,93.8,86,"17.4%",99,1.47,4,"17.3%"
"Aron Baynes",32.8,PHX,Big,826,73,"18.9%",48,115.3,76,"11.8%",65,0.62,69,"12.1%"
"Kent Bazemore",30.3,POR,Wing,1068,46,"15.4%",18,98.2,21,"7.3%",21,0.48,13,"14.5%"
"Kent Bazemore",30.3,SAC,Forward,337,78,"19.8%",46,108.3,24,"6.5%",9,0.33,57,"11.4%"
"Darius Bazley",19.3,OKC,Big,854,24,"13.4%",4,94.2,3,"4.2%",4,0.32,58,"13.2%"
"Bradley Beal",26.3,WAS,Wing,1818,99,"34.9%",71,116.0,97,"27.9%",80,0.80,51,"11.4%"
"Malik Beasley",22.9,DEN,Wing,691,64,"18.4%",28,103.8,38,"9.0%",22,0.49,45,"11.7%"
"Malik Beasley",22.9,MIN,Wing,266,79,"21.5%",73,116.1,46,"9.8%",18,0.46,85,"7.8%"
"Marco Belinelli",33.6,SAS,Wing,696,53,"16.3%",16,96.9,56,"10.8%",58,0.67,100,"5.7%"
"Jordan Bell",24.8,MIN,Big,198,37,"14.4%",52,116.7,53,"8.7%",60,0.60,10,"18.8%"
"DeAndre' Bembry",25.3,ATL,Combo,860,7,"14.3%",28,100.4,23,"13.1%",59,0.92,7,"17.6%"
"Davis Bertans",26.9,WAS,Forward,1386,57,"16.5%",97,125.7,55,"8.0%",36,0.49,88,"8.7%"
"Patrick Beverley",31.3,LAC,Point,1180,2,"14.5%",70,113.1,9,"18.3%",76,1.27,46,"13.5%"
"Khem Birch",27.0,ORL,Big,731,4,"9.3%",13,104.5,23,"6.3%",74,0.68,42,"14.2%"
"Goga Bitadze",20.2,IND,Big,328,44,"15.3%",8,101.9,41,"7.8%",39,0.51,22,"15.9%"
"Bismack Biyombo",27.1,CHA,Big,961,47,"15.8%",42,113.0,40,"7.8%",38,0.50,47,"13.8%"
"Nemanja Bjelica",31.4,SAC,Big,1676,64,"17.3%",65,120.6,87,"14.2%",90,0.82,63,"12.8%"
"Eric Bledsoe",29.8,MIL,Point,1385,67,"26.8%",80,116.9,43,"27.6%",26,1.03,39,"13.9%"
"Bogdan Bogdanovic",27.2,SAC,Wing,1339,82,"22.9%",50,110.2,88,"18.0%",79,0.79,52,"11.3%"
"Bojan Bogdanovic",30.5,UTA,Forward,1929,90,"23.9%",87,121.3,67,"9.6%",22,0.40,19,"13.9%"
"Isaac Bonga",19.9,WAS,Forward,859,1,"9.8%",96,125.3,46,"7.7%",82,0.78,6,"17.8%"
"Devin Booker",23.0,PHX,Wing,2077,96,"30.5%",92,123.9,98,"28.2%",89,0.92,9,"15.3%"
"Chris Boucher",26.8,TOR,Big,592,56,"16.4%",47,114.6,12,"5.4%",5,0.33,97,"6.5%"
"Ky Bowman",22.3,GSW,Point,906,13,"18.7%",9,96.3,20,"21.3%",50,1.14,13,"16.2%"
"Avery Bradley",28.9,LAL,Combo,1025,5,"14.2%",52,107.7,2,"6.7%",2,0.47,54,"11.9%"
"Tony Bradley",21.8,UTA,Big,413,20,"13.0%",85,131.5,2,"4.1%",4,0.32,29,"15.3%"
"Mikal Bridges",23.1,PHX,Wing,1560,12,"11.6%",93,124.7,33,"8.7%",73,0.75,27,"13.3%"
"Miles Bridges",21.6,CHA,Forward,1748,72,"18.6%",45,108.3,64,"9.3%",43,0.50,49,"11.6%"
"Ryan Broekhoff",29.1,DAL,Forward,132,42,"14.4%",13,95.7,39,"7.4%",45,0.51,99,"4.3%"
"Malcolm Brogdon",26.8,IND,Combo,1423,92,"29.4%",51,107.4,98,"35.3%",85,1.20,56,"11.7%"
"Dillon Brooks",23.7,MEM,Wing,1706,86,"23.4%",26,102.9,52,"10.3%",14,0.44,62,"10.2%"
"Bruce Brown",23.2,DET,Combo,1523,31,"17.9%",34,102.2,57,"20.3%",79,1.13,15,"15.3%"
"Jaylen Brown",23.0,BOS,Wing,1652,85,"23.3%",79,117.8,50,"10.0%",13,0.43,36,"12.6%"
"Sterling Brown",24.7,MIL,Wing,503,40,"15.1%",24,102.4,26,"7.9%",28,0.52,37,"12.5%"
"Troy Brown",20.2,WAS,Wing,1293,49,"15.9%",50,110.1,66,"12.2%",76,0.76,68,"9.8%"
"Jalen Brunson",23.1,DAL,Point,954,46,"23.4%",33,106.7,39,"25.8%",43,1.10,65,"11.8%"
"Thomas Bryant",22.2,WAS,Big,795,60,"17.0%",84,129.8,76,"11.7%",75,0.69,57,"13.3%"
"Reggie Bullock",28.6,NYK,Wing,611,43,"15.2%",21,100.9,32,"8.4%",35,0.55,96,"6.5%"
"Trey Burke",26.9,PHI,Point,273,26,"20.5%",67,112.5,37,"25.8%",72,1.26,98,"8.7%"
"Alec Burks",28.2,PHI,Combo,117,69,"23.4%",18,96.6,44,"18.2%",34,0.78,100,"4.8%"
"Alec Burks",28.2,GSW,Wing,1368,87,"24.0%",54,111.1,89,"18.0%",74,0.75,71,"9.7%"
"Deonte Burton",25.7,OKC,Forward,219,60,"16.7%",0,65.8,19,"6.2%",15,0.38,76,"9.9%"
"Jimmy Butler",30.1,MIA,Wing,1702,94,"27.9%",77,117.4,99,"28.6%",93,1.02,58,"10.6%"
"Bruno Caboclo",24.1,MEM,Big,150,35,"14.1%",3,90.7,21,"6.1%",25,0.43,99,"5.8%"
"Kentavious Caldwell-Pope",26.6,LAL,Wing,1449,31,"13.6%",75,117.3,36,"8.9%",55,0.65,59,"10.5%"
"Clint Capela",25.4,HOU,Big,1265,24,"13.5%",77,124.6,13,"5.6%",22,0.41,33,"14.9%"
"DeMarre Carroll",33.2,SAS,Forward,105,33,"13.8%",15,95.8,69,"10.5%",79,0.76,1,"26.5%"
"Jevon Carter",24.1,PHX,Combo,595,3,"13.6%",70,110.5,26,"14.0%",66,1.03,49,"12.5%"
"Vince Carter",42.7,ATL,Big,758,49,"16.0%",4,94.8,51,"8.5%",42,0.53,78,"11.1%"
"Wendell Carter",20.5,CHI,Big,1125,45,"15.4%",51,116.4,21,"6.3%",21,0.41,28,"15.3%"
"Michael Carter-Williams",28.0,ORL,Combo,647,39,"18.9%",33,101.3,67,"21.6%",82,1.14,36,"13.1%"
"Alex Caruso",25.6,LAL,Combo,926,8,"15.1%",57,108.1,21,"12.8%",44,0.85,39,"13.0%"
"Willie Cauley-Stein",26.2,GSW,Big,918,26,"13.5%",45,114.1,64,"10.0%",79,0.74,69,"12.1%"
"Tyson Chandler",37.0,HOU,Big,219,0,"5.1%",99,145.5,1,"3.7%",78,0.73,1,"29.1%"
"Wilson Chandler",32.4,BKN,Big,621,18,"13.0%",33,110.2,44,"8.0%",64,0.62,21,"16.0%"
"Chris Chiozza",23.9,WAS,Point,102,15,"18.8%",0,67.9,89,"36.6%",100,1.95,43,"13.6%"
"Marquese Chriss",22.3,GSW,Big,989,71,"18.2%",64,120.6,88,"14.2%",86,0.78,20,"16.1%"
"Gary Clark",24.9,HOU,Big,185,13,"12.2%",15,105.5,33,"7.4%",61,0.61,100,"3.8%"
"Gary Clark",24.9,ORL,Wing,157,1,"8.9%",25,102.8,0,"1.0%",0,0.11,99,"6.0%"
"Brandon Clarke",23.1,MEM,Big,1044,50,"16.0%",92,135.5,61,"9.7%",62,0.61,81,"10.5%"
"Jordan Clarkson",27.4,CLE,Wing,654,93,"25.8%",83,120.1,93,"18.8%",70,0.73,64,"10.1%"
"Jordan Clarkson",27.4,UTA,Wing,723,89,"24.4%",79,118.3,42,"9.6%",10,0.39,80,"8.5%"
"Nicolas Claxton",20.5,BKN,Big,157,29,"13.7%",35,111.1,83,"13.3%",94,0.97,71,"12.0%"
"Chris Clemons",22.2,HOU,Combo,175,48,"20.0%",25,98.7,11,"11.4%",7,0.57,97,"7.4%"
"John Collins",22.1,ATL,Big,1163,77,"19.8%",87,132.5,38,"7.8%",18,0.39,75,"11.7%"
"Mike Conley",32.0,UTA,Point,1008,54,"24.7%",24,104.3,26,"22.7%",15,0.92,70,"11.6%"
"Pat Connaughton",26.8,MIL,Wing,881,8,"11.2%",64,113.4,43,"9.7%",86,0.86,17,"14.2%"
"Quinn Cook",26.6,LAL,Combo,310,36,"18.8%",39,102.5,25,"13.8%",26,0.73,34,"13.1%"
"Robert Covington",28.8,MIN,Forward,1406,55,"16.1%",67,115.1,10,"5.8%",13,0.36,25,"13.5%"
"Robert Covington",28.8,HOU,Big,289,41,"15.2%",38,111.8,17,"5.8%",13,0.38,79,"11.0%"
"Allen Crabbe",27.5,ATL,Wing,495,11,"11.5%",13,94.7,25,"7.9%",63,0.68,84,"8.0%"
"Allen Crabbe",27.5,MIN,Wing,131,9,"11.3%",1,78.8,11,"5.4%",21,0.48,18,"14.1%"
"Torrey Craig",28.8,DEN,Wing,773,6,"10.8%",57,111.9,10,"5.4%",24,0.50,63,"10.1%"
"Jae Crowder",29.3,MIA,Big,268,27,"13.6%",91,134.8,20,"6.1%",29,0.45,99,"4.7%"
"Jae Crowder",29.3,MEM,Forward,1316,52,"16.0%",28,101.6,76,"12.4%",81,0.78,66,"10.7%"
"Jarrett Culver",20.6,MIN,Combo,1307,38,"18.8%",10,88.5,8,"10.6%",5,0.56,66,"11.2%"
"Seth Curry",29.1,DAL,Combo,1318,25,"17.3%",98,129.9,15,"11.8%",20,0.68,89,"9.8%"
"Stephen Curry",31.6,GSW,Point,112,87,"32.5%",57,111.0,67,"33.8%",30,1.04,17,"15.8%"
"Troy Daniels",28.2,LAL,Wing,373,25,"13.1%",39,107.4,3,"3.9%",2,0.30,92,"7.1%"
"Anthony Davis",26.6,LAL,Big,1744,96,"27.4%",76,124.1,90,"15.3%",48,0.56,80,"10.9%"
"Ed Davis",30.4,UTA,Big,240,3,"8.4%",1,84.8,10,"5.2%",63,0.62,3,"24.4%"
"Terence Davis",22.4,TOR,Combo,961,20,"17.3%",89,117.1,18,"12.4%",23,0.72,44,"12.6%"
"Dewayne Dedmon",30.2,SAC,Big,519,60,"17.0%",5,94.8,3,"4.3%",2,0.26,4,"22.6%"
"Dewayne Dedmon",30.2,ATL,Big,137,33,"13.9%",10,102.3,1,"3.8%",3,0.28,71,"11.9%"
"Matthew Dellavedova",29.1,CLE,Combo,617,16,"16.8%",7,87.2,85,"28.0%",100,1.67,0,"18.8%"
"DeMar DeRozan",30.2,SAS,Forward,1899,97,"29.1%",84,121.1,96,"25.2%",88,0.87,63,"10.8%"
"Cheick Diallo",23.1,PHX,Big,359,31,"13.8%",94,136.5,46,"8.2%",58,0.59,24,"15.7%"
"Hamidou Diallo",21.2,OKC,Wing,610,42,"15.2%",14,96.6,7,"4.8%",3,0.31,28,"13.1%"
"Gorgui Dieng",29.7,MIN,Big,762,67,"17.7%",43,113.3,81,"12.7%",77,0.72,56,"13.3%"
"Gorgui Dieng",29.7,MEM,Big,127,22,"13.3%",29,109.5,15,"5.6%",22,0.42,87,"9.5%"
"Spencer Dinwiddie",26.5,BKN,Combo,1850,97,"32.8%",62,109.3,95,"34.7%",70,1.06,67,"11.2%"
"Donte DiVincenzo",22.7,MIL,Combo,1183,15,"16.2%",75,112.0,16,"12.1%",30,0.75,46,"12.6%"
"Luka Doncic",20.6,DAL,Wing,1573,100,"41.4%",81,119.5,100,"45.4%",93,1.10,23,"13.5%"
"Luguentz Dort",20.5,OKC,Wing,518,18,"12.3%",35,105.7,4,"4.1%",6,0.33,77,"9.2%"
"Damyean Dotson",25.4,NYK,Wing,740,48,"15.7%",44,108.2,55,"10.8%",64,0.68,95,"6.6%"
"Sekou Doumbouya",18.8,DET,Forward,617,48,"15.6%",16,96.7,1,"3.3%",0,0.22,28,"13.4%"
"PJ Dozier",23.0,DEN,Wing,208,66,"18.5%",17,97.4,78,"15.1%",81,0.82,53,"11.0%"
"Goran Dragic",33.4,MIA,Point,1354,72,"27.3%",78,116.4,52,"29.3%",37,1.08,37,"14.0%"
"Andre Drummond",26.2,CLE,Big,153,95,"25.8%",30,109.6,80,"12.6%",37,0.49,7,"20.9%"
"Andre Drummond",26.2,DET,Big,1635,94,"24.4%",32,110.0,84,"13.3%",46,0.55,11,"18.7%"
"Jared Dudley",34.3,LAL,Big,229,2,"8.4%",62,120.0,49,"8.4%",95,1.00,87,"9.5%"
"Kris Dunn",25.6,CHI,Point,1254,4,"16.5%",22,103.6,13,"20.1%",63,1.22,33,"14.3%"
"Carsen Edwards",21.6,BOS,Combo,231,28,"17.6%",3,83.9,13,"11.7%",16,0.67,90,"9.3%"
"Wayne Ellington",31.9,NYK,Combo,424,10,"15.1%",26,99.3,7,"9.6%",10,0.63,74,"10.8%"
"Joel Embiid",25.6,PHI,Big,1299,99,"31.8%",55,117.4,94,"18.3%",54,0.58,52,"13.6%"
"James Ennis",29.3,ORL,Wing,155,28,"13.6%",60,112.5,8,"5.1%",8,0.37,44,"11.9%"
"James Ennis",29.3,PHI,Wing,749,36,"14.4%",63,113.3,19,"6.8%",20,0.47,41,"11.9%"
"Jacob Evans",22.3,GSW,Wing,377,56,"17.1%",2,83.7,62,"11.5%",59,0.67,31,"13.0%"
"Dante Exum",24.3,CLE,Wing,382,44,"15.2%",86,121.1,64,"12.0%",79,0.79,11,"14.8%"
"Derrick Favors",28.2,NOP,Big,953,21,"13.2%",81,128.3,63,"9.9%",81,0.75,26,"15.6%"
"Cristiano Felicio",27.3,CHI,Big,373,4,"9.2%",90,134.4,8,"4.9%",42,0.53,5,"22.4%"
"Terrance Ferguson",21.4,OKC,Wing,1083,0,"8.8%",30,104.2,12,"5.5%",50,0.62,25,"13.5%"
"Bruno Fernando",21.2,ATL,Big,582,42,"15.2%",49,116.1,63,"9.9%",67,0.65,13,"18.0%"
"Yogi Ferrell",26.4,SAC,Point,428,22,"19.3%",20,103.3,7,"17.5%",11,0.91,72,"11.4%"
"Dorian Finney-Smith",26.4,DAL,Forward,1775,9,"12.0%",76,118.2,30,"6.7%",55,0.56,48,"11.6%"
"Bryn Forbes",26.2,SAS,Wing,1437,61,"17.7%",61,112.8,45,"9.8%",36,0.55,76,"9.2%"
"Evan Fournier",27.0,ORL,Wing,1858,88,"24.1%",84,120.9,84,"16.4%",61,0.68,49,"11.5%"
"De'Aaron Fox",21.8,SAC,Point,1250,89,"32.9%",52,109.7,76,"34.3%",33,1.04,52,"13.3%"
"Tim Frazier",28.9,DET,Point,310,35,"22.6%",7,93.6,96,"37.9%",96,1.68,0,"20.5%"
"Markelle Fultz",21.4,ORL,Combo,1651,67,"23.4%",43,103.9,79,"26.7%",80,1.14,23,"14.1%"
"Daniel Gafford",21.0,CHI,Big,491,17,"12.7%",89,134.0,8,"5.0%",17,0.39,22,"16.0%"
"Danilo Gallinari",31.2,OKC,Big,1559,90,"22.9%",76,124.0,69,"10.6%",32,0.46,91,"8.5%"
"Langston Galloway",27.8,DET,Wing,1527,32,"13.8%",85,121.0,36,"9.0%",53,0.65,88,"7.2%"
"Darius Garland",19.7,CLE,Combo,1761,62,"21.6%",21,98.3,39,"18.0%",43,0.83,10,"16.5%"
"Marc Gasol",34.7,TOR,Big,966,35,"14.1%",31,109.8,92,"16.5%",99,1.17,46,"13.9%"
"Rudy Gay",33.2,SAS,Big,1149,81,"20.6%",24,108.1,78,"12.2%",58,0.59,54,"13.3%"
"Paul George",29.5,LAC,Wing,1064,97,"30.6%",72,116.0,94,"20.9%",60,0.68,22,"13.7%"
"Taj Gibson",34.3,NYK,Big,914,29,"13.7%",71,122.6,44,"8.1%",57,0.59,44,"14.2%"
"Harry Giles",21.5,SAC,Big,461,76,"19.5%",47,115.1,86,"13.8%",76,0.71,40,"14.4%"
"Shai Gilgeous-Alexander",21.3,OKC,Wing,2096,90,"24.5%",56,111.7,73,"13.9%",38,0.57,65,"9.9%"
"Rudy Gobert",27.3,UTA,Big,1972,40,"15.0%",94,137.3,26,"6.6%",26,0.44,15,"17.2%"
"Brandon Goodwin",24.0,ATL,Combo,351,77,"24.1%",44,104.2,59,"20.7%",51,0.86,52,"12.2%"
"Aaron Gordon",24.1,ORL,Forward,1772,85,"21.0%",36,103.7,85,"15.8%",78,0.75,70,"10.2%"
"Eric Gordon",30.8,HOU,Wing,896,75,"20.5%",36,105.7,27,"7.9%",9,0.39,87,"7.4%"
"Devonte' Graham",24.6,CHA,Point,2009,74,"27.7%",37,107.4,83,"34.9%",74,1.26,57,"13.2%"
"Treveon Graham",26.0,ATL,Forward,161,13,"12.4%",12,95.5,16,"6.0%",37,0.49,42,"12.6%"
"Treveon Graham",26.0,MIN,Forward,626,18,"13.1%",4,86.9,18,"6.2%",31,0.47,79,"9.7%"
"Jerami Grant",25.6,DEN,Big,1487,51,"16.1%",53,117.0,22,"6.3%",19,0.39,92,"8.4%"
"Danny Green",32.3,LAL,Wing,1391,22,"12.8%",67,114.6,17,"6.8%",30,0.53,46,"11.7%"
"Draymond Green",29.6,GSW,Forward,1219,73,"18.8%",19,98.6,99,"31.0%",100,1.65,4,"18.3%"
"JaMychal Green",29.3,LAC,Big,974,12,"11.9%",19,106.7,5,"4.7%",17,0.39,59,"13.2%"
"Javonte Green",26.2,BOS,Wing,288,19,"12.5%",62,113.2,18,"6.8%",34,0.54,6,"15.6%"
"Jeff Green",33.1,UTA,Forward,546,70,"18.3%",42,106.9,13,"5.9%",6,0.32,54,"11.5%"
"Blake Griffin",30.6,DET,Big,512,99,"29.2%",6,95.5,96,"18.5%",65,0.63,74,"11.7%"
"Marko Guduric",24.6,MEM,Wing,390,57,"17.2%",22,102.3,65,"12.1%",69,0.70,2,"20.1%"
"Rui Hachimura",21.7,WAS,Big,1017,68,"17.9%",33,110.5,38,"7.8%",26,0.43,94,"7.9%"
"Tim Hardaway Jr.",27.6,DAL,Wing,1585,72,"20.1%",78,117.5,51,"10.3%",27,0.51,91,"7.1%"
"James Harden",30.1,HOU,Combo,2055,100,"39.7%",97,126.7,97,"35.2%",56,0.89,48,"12.6%"
"Maurice Harkless",26.4,LAC,Forward,1122,0,"9.6%",75,117.0,7,"5.6%",60,0.58,7,"16.5%"
"Maurice Harkless",26.4,NYK,Wing,144,14,"11.7%",88,121.6,22,"7.5%",50,0.64,69,"9.8%"
"Montrezl Harrell",25.7,LAC,Big,1574,89,"22.5%",71,122.6,65,"10.1%",28,0.45,76,"11.5%"
"Gary Harris",25.1,DEN,Wing,1584,38,"14.9%",19,99.6,39,"9.1%",48,0.61,70,"9.7%"
"Joe Harris",28.1,BKN,Wing,1810,51,"16.2%",76,117.3,48,"9.9%",49,0.61,43,"11.9%"
"Tobias Harris",27.2,PHI,Forward,2062,87,"22.5%",51,112.4,82,"14.3%",69,0.63,93,"8.4%"
"Shaquille Harrison",26.0,CHI,Wing,291,59,"17.4%",80,119.0,64,"11.9%",62,0.68,42,"11.9%"
"Josh Hart",24.6,NOP,Forward,1402,39,"14.3%",61,114.1,57,"8.1%",58,0.56,52,"11.5%"
"Isaiah Hartenstein",21.4,HOU,Big,224,22,"13.3%",97,140.3,24,"6.4%",35,0.48,6,"21.1%"
"Jaxson Hayes",19.4,NOP,Big,896,28,"13.6%",96,137.4,42,"7.9%",54,0.58,58,"13.2%"
"Gordon Hayward",29.6,BOS,Forward,1409,84,"20.8%",79,118.8,90,"18.2%",90,0.87,58,"11.1%"
"John Henson",28.8,DET,Big,118,19,"13.0%",100,146.7,28,"6.9%",44,0.54,3,"23.5%"
"John Henson",28.8,CLE,Big,405,54,"16.2%",15,105.2,88,"14.5%",91,0.89,47,"13.9%"
"Juan Hernangomez",24.0,DEN,Forward,370,19,"13.2%",6,88.3,36,"7.1%",49,0.54,36,"12.9%"
"Juan Hernangomez",24.0,MIN,Big,226,58,"16.7%",60,118.3,24,"6.4%",13,0.38,89,"8.7%"
"Willy Hernangomez",25.4,CHA,Big,222,87,"22.0%",27,109.0,79,"12.5%",51,0.57,21,"16.1%"
"Tyler Herro",19.7,MIA,Wing,1211,78,"21.0%",37,106.9,60,"11.3%",32,0.54,50,"11.4%"
"Mario Hezonja",24.6,POR,Forward,613,16,"12.9%",18,97.6,22,"6.4%",42,0.50,27,"13.5%"
"Buddy Hield",26.8,SAC,Wing,1896,93,"25.9%",65,113.9,79,"15.3%",44,0.59,39,"12.2%"
"George Hill",33.4,MIL,Combo,1019,18,"16.9%",100,137.4,49,"19.1%",77,1.13,82,"10.3%"
"Solomon Hill",28.6,MEM,Forward,866,34,"14.0%",40,106.4,78,"13.2%",91,0.95,21,"13.7%"
"Aaron Holiday",23.0,IND,Point,1136,33,"21.6%",28,104.7,11,"19.5%",9,0.90,67,"11.6%"
"Jrue Holiday",29.3,NOP,Combo,1729,89,"27.9%",49,105.7,89,"29.1%",69,1.04,38,"13.0%"
"Justin Holiday",30.5,IND,Wing,1475,15,"11.9%",89,122.1,23,"7.8%",56,0.66,83,"8.0%"
"Rondae Hollis-Jefferson",24.8,TOR,Big,901,61,"17.1%",13,104.0,83,"13.2%",84,0.77,68,"12.1%"
"Richaun Holmes",26.0,SAC,Big,1073,32,"13.8%",95,137.4,9,"5.2%",12,0.38,51,"13.6%"
"Rodney Hood",27.0,POR,Forward,617,22,"13.3%",93,124.9,33,"6.8%",46,0.51,78,"9.9%"
"Al Horford",33.4,PHI,Big,1679,69,"17.9%",10,102.6,94,"18.1%",96,1.01,94,"7.8%"
"Danuel House",26.4,HOU,Forward,1579,12,"12.1%",70,116.4,6,"5.4%",30,0.45,82,"9.4%"
"Dwight Howard",33.8,LAL,Big,1091,21,"13.2%",90,134.2,6,"4.8%",10,0.36,13,"18.2%"
"Kevin Huerter",21.1,ATL,Wing,1540,63,"17.9%",46,109.1,81,"16.1%",87,0.90,40,"12.0%"
"DeAndre Hunter",21.9,ATL,Forward,1799,58,"16.6%",37,105.2,51,"7.8%",33,0.47,43,"12.2%"
"Chandler Hutchison",23.5,CHI,Forward,513,67,"17.9%",31,102.4,52,"7.9%",27,0.44,55,"11.5%"
"Serge Ibaka",30.1,TOR,Big,1259,84,"21.3%",56,117.6,47,"8.2%",15,0.38,35,"14.7%"
"Andre Iguodala",35.7,MIA,Forward,170,10,"12.1%",64,114.7,81,"13.8%",96,1.14,0,"26.5%"
"Ersan Ilyasova",32.4,MIL,Big,834,44,"15.3%",54,117.1,30,"7.1%",31,0.46,86,"9.8%"
"Joe Ingles",32.0,UTA,Forward,1762,66,"17.7%",66,114.9,94,"23.7%",99,1.34,10,"15.8%"
"Brandon Ingram",22.1,NOP,Forward,1722,96,"28.7%",90,121.9,91,"20.3%",75,0.71,33,"13.0%"
"Kyrie Irving",27.6,BKN,Point,658,96,"34.8%",83,118.6,65,"33.1%",20,0.95,91,"9.5%"
"Jonathan Isaac",22.0,ORL,Big,941,63,"17.3%",22,107.4,29,"7.1%",21,0.41,64,"12.7%"
"Wes Iwundu",24.8,ORL,Forward,713,15,"12.7%",30,101.6,42,"7.5%",63,0.59,87,"8.8%"
"Frank Jackson",21.4,NOP,Point,530,20,"19.1%",46,108.4,0,"8.5%",0,0.45,50,"13.4%"
"Jaren Jackson",20.1,MEM,Big,1501,86,"21.6%",57,117.6,35,"7.6%",8,0.35,70,"12.0%"
"Josh Jackson",22.7,MEM,Forward,238,75,"19.1%",33,103.1,58,"8.3%",25,0.44,9,"16.4%"
"Justin Jackson",24.5,DAL,Forward,741,45,"14.6%",25,101.1,9,"5.7%",18,0.39,100,"4.0%"
"Reggie Jackson",29.5,DET,Point,375,80,"30.0%",13,98.5,59,"30.8%",24,1.03,93,"9.1%"
"Justin James",22.7,SAC,Wing,173,41,"15.1%",6,86.5,44,"9.7%",51,0.65,20,"13.9%"
"LeBron James",34.8,LAL,Forward,1908,100,"36.1%",69,115.1,100,"47.8%",97,1.32,24,"13.6%"
"Ty Jerome",22.3,PHX,Combo,227,51,"20.2%",11,90.6,77,"23.9%",84,1.18,21,"14.3%"
"Cameron Johnson",23.6,PHX,Forward,936,36,"14.1%",58,113.7,48,"7.8%",52,0.55,94,"8.1%"
"James Johnson",32.6,MIA,Big,263,56,"16.5%",34,110.8,72,"10.9%",69,0.66,33,"14.8%"
"James Johnson",32.6,MIN,Big,198,83,"21.2%",67,121.5,97,"20.6%",94,0.97,8,"19.9%"
"Tyler Johnson",27.4,PHX,Combo,509,30,"17.8%",16,95.1,34,"15.2%",46,0.85,64,"11.4%"
"Nikola Jokic",24.6,DEN,Big,1896,98,"28.9%",68,121.6,100,"34.4%",100,1.19,45,"14.1%"
"Damian Jones",24.3,ATL,Big,816,6,"10.3%",96,137.7,12,"5.4%",40,0.52,53,"13.5%"
"Tyus Jones",23.4,MEM,Point,1088,24,"20.0%",35,106.9,57,"30.8%",93,1.54,85,"9.7%"
"Derrick Jones, Jr.",22.7,MIA,Wing,1097,21,"12.7%",93,124.4,15,"6.5%",26,0.51,82,"8.1%"
"DeAndre Jordan",31.2,BKN,Big,1098,28,"13.7%",97,138.0,87,"14.0%",97,1.02,10,"18.8%"
"Cory Joseph",28.1,SAC,Combo,1398,11,"15.5%",31,101.1,54,"20.1%",90,1.30,59,"11.5%"
"Frank Kaminsky",26.5,PHX,Big,701,78,"19.9%",40,112.3,89,"14.7%",79,0.74,85,"9.8%"
"Enes Kanter",27.4,BOS,Big,814,70,"18.0%",70,122.2,46,"8.2%",30,0.46,39,"14.5%"
"Luke Kennard",23.3,DET,Wing,909,71,"20.0%",82,119.7,91,"18.4%",90,0.92,64,"10.1%"
"Michael Kidd-Gilchrist",26.0,CHA,Big,131,52,"16.1%",1,84.1,56,"9.0%",49,0.56,65,"12.6%"
"Maxi Kleber",27.7,DAL,Big,1458,15,"12.5%",73,123.6,18,"5.9%",33,0.47,84,"9.9%"
"Brandon Knight",27.9,CLE,Wing,204,79,"21.1%",7,88.0,87,"17.5%",84,0.83,8,"15.5%"
"Kevin Knox",20.2,NYK,Forward,953,64,"17.2%",10,94.2,45,"7.6%",28,0.44,69,"10.3%"
"Furkan Korkmaz",22.2,PHI,Wing,1259,52,"16.2%",74,116.8,16,"6.8%",12,0.42,78,"9.1%"
"Luke Kornet",24.2,CHI,Big,532,39,"15.0%",25,108.5,51,"8.6%",53,0.57,96,"7.7%"
"Kyle Korver",38.6,MIL,Wing,696,35,"13.9%",91,123.1,31,"8.3%",45,0.60,12,"14.7%"
"Rodions Kurucs",21.7,BKN,Forward,390,21,"13.2%",60,114.0,58,"8.3%",67,0.63,3,"21.6%"
"Kyle Kuzma",24.2,LAL,Big,1143,83,"21.3%",17,105.7,34,"7.6%",10,0.36,51,"13.6%"
"Skal Labissiere",23.6,POR,Big,533,34,"14.0%",53,116.8,72,"10.9%",85,0.78,18,"16.5%"
"Jeremy Lamb",27.4,IND,Wing,1289,70,"19.8%",51,110.3,53,"10.6%",31,0.54,79,"8.8%"
"Romeo Langford",20.0,BOS,Wing,200,4,"9.7%",9,93.5,1,"2.0%",1,0.21,94,"6.7%"
"Zach LaVine",24.6,CHI,Wing,2080,98,"31.7%",68,114.7,95,"21.8%",66,0.69,26,"13.4%"
"Jake Layman",25.6,MIN,Forward,385,43,"14.5%",48,108.9,4,"4.7%",7,0.33,46,"11.9%"
"TJ Leaf",22.5,IND,Big,149,57,"16.6%",8,101.7,16,"5.7%",7,0.34,83,"10.3%"
"Courtney Lee",34.0,DAL,Wing,136,10,"11.4%",55,111.4,6,"4.6%",11,0.41,79,"8.6%"
"Damion Lee",27.0,GSW,Combo,1192,34,"18.4%",61,109.3,28,"14.4%",36,0.78,72,"10.9%"
"Alex Len",26.3,ATL,Big,716,62,"17.1%",50,116.2,60,"9.5%",47,0.55,61,"13.0%"
"Kawhi Leonard",28.3,LAC,Forward,1476,99,"35.0%",72,116.7,97,"27.6%",84,0.79,61,"10.8%"
"Meyers Leonard",27.6,MIA,Big,986,9,"11.2%",83,129.3,33,"7.6%",71,0.68,40,"14.4%"
"Caris LeVert",25.1,BKN,Combo,955,90,"29.4%",23,98.6,66,"21.5%",28,0.73,41,"13.0%"
"Damian Lillard",29.2,POR,Point,1992,91,"33.7%",98,125.9,74,"34.2%",22,1.01,89,"9.6%"
"Nassir Little",19.7,POR,Forward,479,3,"11.1%",34,103.1,3,"3.9%",12,0.36,90,"8.7%"
"Kevon Looney",23.7,GSW,Big,241,53,"16.1%",0,78.7,71,"10.8%",71,0.67,41,"14.4%"
"Brook Lopez",31.5,MIL,Big,1476,54,"16.4%",19,106.4,37,"7.7%",35,0.47,85,"9.8%"
"Robin Lopez",31.5,MIL,Big,696,47,"15.6%",44,113.5,19,"6.0%",14,0.38,23,"15.8%"
"Kevin Love",31.1,CLE,Big,1580,87,"21.9%",69,122.1,90,"15.0%",73,0.68,26,"15.5%"
"Kyle Lowry",33.6,TOR,Point,1699,61,"25.6%",85,119.1,54,"30.6%",61,1.20,48,"13.4%"
"Timothe Luwawu-Cabarrot",24.4,BKN,Wing,485,33,"13.8%",43,107.9,5,"4.5%",5,0.33,14,"14.5%"
"Trey Lyles",23.9,SAS,Big,1083,15,"12.6%",31,109.7,31,"7.2%",51,0.57,76,"11.6%"
"Ian Mahinmi",32.9,WAS,Big,799,43,"15.3%",23,107.8,52,"8.6%",50,0.56,27,"15.4%"
"Thon Maker",22.6,DET,Big,649,46,"15.4%",59,118.1,47,"8.3%",46,0.54,9,"18.9%"
"Terance Mann",23.0,LAC,Wing,191,26,"13.4%",23,102.4,93,"19.7%",100,1.47,28,"13.1%"
"Boban Marjanovic",31.2,DAL,Big,201,92,"23.1%",79,127.2,11,"5.3%",1,0.23,19,"16.4%"
"Lauri Markkanen",22.4,CHI,Big,1390,76,"19.7%",37,111.6,42,"8.0%",20,0.40,72,"11.9%"
"Caleb Martin",24.0,CHA,Wing,117,23,"12.9%",7,86.7,63,"11.7%",88,0.91,16,"14.3%"
"Cody Martin",24.0,CHA,Wing,636,29,"13.6%",21,101.2,72,"13.4%",92,0.98,10,"15.0%"
"Kelan Martin",24.2,MIN,Forward,438,51,"15.8%",27,101.2,21,"6.3%",21,0.40,72,"10.1%"
"Garrison Mathews",23.0,WAS,Wing,184,21,"12.8%",100,154.5,13,"6.0%",19,0.47,54,"10.8%"
"Wesley Matthews",33.0,MIL,Wing,1338,17,"11.9%",58,112.2,20,"7.1%",46,0.60,61,"10.3%"
"Patrick McCaw",24.0,TOR,Wing,745,5,"10.5%",34,105.5,70,"12.6%",96,1.20,35,"12.8%"
"CJ McCollum",28.1,POR,Combo,2036,87,"27.4%",54,107.9,46,"18.3%",15,0.67,93,"8.2%"
"TJ McConnell",27.6,IND,Combo,1048,66,"21.9%",66,109.9,100,"35.8%",98,1.63,18,"14.5%"
"Jalen McDaniels",21.7,CHA,Wing,154,13,"11.6%",97,129.7,2,"3.8%",4,0.32,5,"17.1%"
"Doug McDermott",27.8,IND,Forward,1149,61,"16.9%",94,125.0,54,"8.0%",34,0.47,96,"7.9%"
"JaVale McGee",31.7,LAL,Big,894,16,"12.7%",88,133.0,6,"4.8%",12,0.38,43,"14.2%"
"Rodney McGruder",28.2,LAC,Wing,648,3,"9.5%",8,91.8,9,"5.4%",39,0.57,38,"12.4%"
"Alfonzo McKinnie",27.1,CLE,Forward,455,25,"13.5%",24,100.7,0,"3.0%",1,0.22,16,"14.7%"
"Jordan McLaughlin",23.5,MIN,Point,455,7,"17.0%",96,123.4,48,"29.2%",98,1.72,80,"10.2%"
"Ben McLemore",26.7,HOU,Wing,1322,30,"13.6%",94,126.1,7,"5.1%",7,0.37,74,"9.3%"
"Jordan McRae",28.5,WAS,Wing,607,91,"25.1%",29,104.0,92,"18.7%",72,0.74,67,"9.9%"
"Nicolo Melli",28.7,NOP,Big,722,40,"15.1%",78,125.1,56,"9.2%",62,0.61,37,"14.5%"
"De'Anthony Melton",21.4,MEM,Combo,836,56,"20.7%",56,108.0,52,"20.1%",61,0.97,13,"15.6%"
"Khris Middleton",28.2,MIL,Forward,1510,91,"26.0%",99,127.4,93,"20.6%",85,0.79,64,"10.7%"
"CJ Miles",32.6,WAS,Wing,155,55,"17.0%",20,100.0,47,"9.9%",41,0.58,97,"6.1%"
"Patty Mills",31.2,SAS,Combo,1324,43,"19.0%",87,116.9,10,"11.3%",8,0.59,95,"7.8%"
"Paul Millsap",34.7,DEN,Big,945,72,"18.6%",63,120.5,54,"8.8%",33,0.47,63,"12.7%"
"Shake Milton",23.0,PHI,Wing,412,62,"17.7%",96,126.4,79,"15.3%",85,0.86,15,"14.4%"
"Donovan Mitchell",23.1,UTA,Combo,1991,95,"32.4%",80,113.3,64,"21.3%",13,0.66,79,"10.6%"
"Malik Monk",21.7,CHA,Wing,1126,81,"22.5%",42,107.8,85,"17.0%",75,0.76,32,"13.0%"
"E'Twaun Moore",30.6,NOP,Wing,858,69,"19.6%",30,104.2,57,"10.9%",36,0.56,81,"8.5%"
"Ja Morant",20.2,MEM,Point,1608,78,"29.7%",72,113.2,85,"35.1%",54,1.18,26,"15.2%"
"Marcus Morris",30.1,LAC,Big,210,69,"18.0%",6,96.2,39,"7.8%",24,0.43,34,"14.8%"
"Marcus Morris",30.1,NYK,Forward,1375,88,"23.0%",81,119.1,27,"6.7%",3,0.29,73,"9.9%"
"Markieff Morris",30.1,DET,Big,968,80,"20.4%",51,116.4,73,"11.0%",45,0.54,29,"15.2%"
"Monte Morris",24.3,DEN,Point,1199,17,"18.8%",41,107.9,30,"23.4%",70,1.24,100,"7.3%"
"Emmanuel Mudiay",23.6,UTA,Point,682,41,"23.3%",65,112.0,17,"21.2%",13,0.91,20,"15.6%"
"Dejounte Murray",23.1,SAS,Point,1307,37,"22.8%",50,109.1,33,"23.6%",28,1.04,24,"15.4%"
"Jamal Murray",22.6,DEN,Combo,1574,82,"26.4%",77,112.7,75,"22.6%",49,0.86,62,"11.5%"
"Dzanan Musa",20.4,BKN,Forward,345,69,"18.0%",7,91.3,75,"12.4%",73,0.69,12,"15.4%"
"Mike Muscala",28.3,OKC,Big,437,42,"15.2%",29,109.4,62,"9.8%",67,0.64,90,"8.7%"
"Sviatoslav Mykhailiuk",22.3,DET,Forward,1060,49,"15.7%",78,118.4,70,"10.7%",72,0.68,37,"12.8%"
"Abdel Nader",26.0,OKC,Forward,620,40,"14.3%",82,119.5,12,"5.9%",24,0.41,13,"15.0%"
"Larry Nance Jr.",26.8,CLE,Big,1261,38,"14.8%",63,120.1,78,"11.9%",88,0.81,74,"11.8%"
"Shabazz Napier",28.3,WAS,Point,198,57,"24.9%",63,111.6,41,"26.1%",35,1.05,22,"15.5%"
"Shabazz Napier",28.3,MIN,Point,836,39,"22.8%",43,108.1,63,"32.6%",83,1.43,11,"16.4%"
"Raul Neto",27.4,PHI,Point,451,11,"18.2%",74,115.2,22,"21.8%",59,1.19,4,"17.9%"
"Georges Niang",26.3,UTA,Big,648,33,"14.0%",60,119.5,14,"5.6%",19,0.40,79,"11.0%"
"Nerlens Noel",25.5,OKC,Big,923,30,"13.7%",98,142.9,50,"8.4%",63,0.62,17,"16.8%"
"Jaylen Nowell",20.3,MIN,Combo,111,46,"19.4%",13,93.6,38,"17.6%",57,0.91,98,"5.8%"
"Frank Ntilikina",21.2,NYK,Point,1029,9,"17.3%",11,97.6,15,"20.4%",57,1.18,15,"16.0%"
"Kendrick Nunn",24.2,MIA,Combo,1652,74,"23.8%",67,110.1,43,"18.1%",33,0.76,85,"10.3%"
"David Nwaba",26.7,BKN,Combo,248,2,"13.2%",93,122.5,0,"3.7%",0,0.28,87,"10.3%"
"Semi Ojeleye",24.9,BOS,Big,738,1,"7.5%",26,108.8,7,"4.8%",66,0.64,90,"8.6%"
"Jahlil Okafor",23.8,NOP,Big,414,74,"19.2%",79,127.3,82,"13.1%",74,0.68,15,"17.7%"
"Elie Okobo",22.0,PHX,Combo,606,21,"17.3%",30,100.6,62,"21.3%",87,1.23,30,"13.3%"
"Josh Okogie",21.1,MIN,Wing,1329,47,"15.5%",47,109.2,37,"9.0%",40,0.58,18,"14.1%"
"Victor Oladipo",27.4,IND,Wing,255,92,"25.7%",10,93.8,75,"14.4%",37,0.56,24,"13.5%"
"Kelly Olynyk",28.5,MIA,Big,977,51,"16.0%",78,126.0,81,"13.0%",88,0.81,31,"15.0%"
"Royce O'Neale",26.4,UTA,Wing,1701,2,"9.3%",87,121.1,58,"11.2%",97,1.20,34,"12.9%"
"Kyle O'Quinn",29.6,PHI,Big,196,63,"17.3%",12,103.2,93,"17.6%",96,1.02,19,"16.4%"
"Cedi Osman",24.5,CLE,Forward,1696,54,"16.0%",54,112.6,73,"11.8%",76,0.74,30,"13.2%"
"Kelly Oubre",23.8,PHX,Forward,1921,82,"20.5%",49,111.6,25,"6.6%",4,0.32,85,"9.0%"
"Jabari Parker",24.6,ATL,Big,832,88,"22.1%",44,113.5,66,"10.4%",34,0.47,50,"13.6%"
"Eric Paschall",22.9,GSW,Forward,1391,81,"20.3%",55,113.1,72,"11.0%",48,0.54,45,"12.1%"
"Anzejs Pasecniks",23.8,WAS,Big,334,49,"15.9%",21,107.0,28,"6.8%",23,0.43,24,"15.7%"
"Patrick Patterson",30.6,LAC,Big,515,23,"13.3%",40,112.4,26,"6.7%",38,0.51,95,"7.8%"
"Chris Paul",34.4,OKC,Point,1866,65,"26.6%",91,122.5,61,"31.3%",52,1.18,78,"10.9%"
"Elfrid Payton",25.6,NYK,Point,1048,48,"23.5%",4,90.4,80,"34.5%",87,1.47,61,"12.8%"
"Gary Payton II",26.9,WAS,Forward,363,28,"13.6%",9,93.9,84,"15.4%",94,1.13,40,"12.7%"
"Norvel Pelle",26.7,PHI,Big,135,12,"12.0%",35,111.1,13,"5.4%",29,0.45,1,"30.6%"
"Theo Pinson",23.9,BKN,Combo,288,84,"26.4%",0,77.3,72,"22.0%",41,0.83,8,"17.0%"
"Mason Plumlee",29.6,DEN,Big,784,72,"18.7%",62,119.6,96,"20.2%",99,1.08,12,"18.4%"
"Jakob Poeltl",24.0,SAS,Big,959,17,"12.9%",67,121.5,85,"13.6%",97,1.06,42,"14.2%"
"Jordan Poole",20.3,GSW,Combo,1052,52,"20.3%",8,88.1,30,"14.8%",25,0.73,74,"10.8%"
"Kevin Porter",19.4,CLE,Wing,1026,76,"20.6%",40,107.5,74,"14.1%",65,0.68,3,"18.0%"
"Michael Porter",21.3,DEN,Forward,564,76,"19.3%",85,121.2,40,"7.4%",16,0.38,51,"11.6%"
"Otto Porter",26.4,CHI,Wing,226,65,"18.4%",49,109.8,40,"9.2%",23,0.50,90,"7.2%"
"Bobby Portis",24.7,NYK,Big,1175,79,"20.1%",12,103.9,69,"10.8%",44,0.54,73,"11.8%"
"Kristaps Porzingis",24.2,DAL,Big,1407,93,"23.8%",28,109.1,43,"8.0%",6,0.34,87,"9.6%"
"Dwight Powell",28.2,DAL,Big,1047,11,"11.7%",93,136.5,35,"7.7%",69,0.66,62,"12.9%"
"Norman Powell",26.4,TOR,Wing,1074,68,"18.9%",95,126.1,41,"9.5%",25,0.50,48,"11.5%"
"Taurean Prince",25.6,BKN,Big,1716,75,"19.2%",9,102.3,58,"9.3%",37,0.48,35,"14.7%"
"Julius Randle",24.9,NYK,Big,1870,97,"27.5%",20,106.9,92,"16.6%",60,0.60,38,"14.5%"
"Cameron Reddish",20.1,ATL,Wing,1374,60,"17.5%",15,96.7,28,"8.0%",17,0.45,21,"13.9%"
"JJ Redick",35.3,NOP,Wing,1422,64,"18.1%",98,130.3,54,"10.7%",42,0.59,60,"10.4%"
"Naz Reid",20.1,MIN,Big,305,90,"22.7%",18,105.8,55,"8.9%",16,0.39,96,"7.7%"
"Josh Richardson",26.1,PHI,Combo,1432,64,"21.7%",48,105.2,31,"15.1%",21,0.70,43,"12.7%"
"Austin Rivers",27.2,HOU,Wing,1207,37,"14.8%",59,112.3,29,"8.0%",33,0.54,93,"6.8%"
"Duncan Robinson",25.5,MIA,Forward,1702,30,"13.6%",100,135.3,28,"6.7%",39,0.49,84,"9.3%"
"Jerome Robinson",22.6,LAC,Wing,380,34,"13.9%",0,68.0,61,"11.5%",83,0.83,7,"15.5%"
"Jerome Robinson",22.6,WAS,Wing,144,45,"15.3%",5,85.4,49,"10.0%",57,0.66,72,"9.5%"
"Mitchell Robinson",21.5,NYK,Big,1193,10,"11.2%",99,144.3,4,"4.4%",15,0.39,81,"10.4%"
"Glenn Robinson III",25.8,PHI,Forward,102,46,"15.2%",21,100.0,15,"6.0%",19,0.40,97,"5.7%"
"Glenn Robinson III",25.8,GSW,Wing,1488,39,"14.9%",69,115.1,35,"8.8%",43,0.59,66,"9.9%"
"Rajon Rondo",33.6,LAL,Point,877,43,"23.4%",15,102.3,78,"34.5%",89,1.47,9,"16.8%"
"Derrick Rose",31.0,DET,Point,1270,93,"34.4%",59,111.4,91,"37.2%",39,1.08,63,"12.2%"
"Terrence Ross",28.7,ORL,Wing,1557,74,"20.3%",48,109.6,21,"7.2%",7,0.36,86,"7.5%"
"Terry Rozier",25.6,CHA,Combo,1946,75,"24.0%",72,111.3,61,"20.8%",52,0.87,51,"12.4%"
"Ricky Rubio",29.0,PHX,Point,1644,52,"24.7%",26,104.6,93,"37.6%",91,1.52,28,"14.9%"
"D'Angelo Russell",23.6,MIN,Point,196,85,"32.3%",93,123.3,87,"35.4%",41,1.10,59,"13.2%"
"D'Angelo Russell",23.6,GSW,Combo,1044,98,"34.2%",74,111.5,93,"33.5%",62,0.98,57,"11.7%"
"Domantas Sabonis",23.4,IND,Big,1948,92,"23.4%",56,117.6,98,"21.3%",92,0.91,38,"14.5%"
"JaKarr Sampson",26.6,IND,Big,246,5,"9.5%",58,118.0,0,"1.5%",0,0.16,88,"9.4%"
"Dario Saric",25.5,PHX,Big,1299,55,"16.4%",36,111.1,74,"11.0%",70,0.67,55,"13.3%"
"Tomas Satoransky",28.0,CHI,Combo,1732,44,"19.3%",59,108.5,80,"27.1%",97,1.40,16,"14.8%"
"Admiral Schofield",22.5,WAS,Forward,240,4,"11.4%",21,100.0,34,"6.9%",66,0.60,60,"10.9%"
"Dennis Schroder",26.1,OKC,Combo,1802,85,"27.0%",84,115.8,69,"21.7%",39,0.80,31,"13.2%"
"Mike Scott",31.2,PHI,Big,947,14,"12.4%",16,105.7,4,"4.5%",11,0.37,97,"7.0%"
"Thabo Sefolosha",35.4,HOU,Big,399,7,"10.4%",3,90.6,45,"8.1%",85,0.78,60,"13.1%"
"Collin Sexton",20.8,CLE,Point,1890,70,"26.9%",54,110.5,4,"13.9%",2,0.52,76,"11.1%"
"Landry Shamet",22.6,LAC,Combo,1169,0,"12.4%",92,121.6,3,"8.4%",18,0.67,92,"9.0%"
"Iman Shumpert",29.3,BKN,Forward,239,24,"13.4%",3,77.3,49,"7.8%",61,0.58,22,"13.6%"
"Pascal Siakam",25.5,TOR,Forward,1670,94,"28.3%",52,112.5,87,"15.9%",57,0.56,67,"10.4%"
"Chris Silva",23.1,MIA,Big,248,58,"16.9%",74,123.7,59,"9.3%",47,0.55,2,"27.6%"
"Ben Simmons",23.2,PHI,Point,1928,50,"23.7%",89,120.8,72,"34.1%",85,1.44,2,"18.0%"
"Anfernee Simons",20.3,POR,Combo,1232,33,"18.4%",38,102.5,5,"9.2%",3,0.50,84,"10.3%"
"Alen Smailagic",19.2,GSW,Big,116,81,"21.0%",81,128.3,91,"15.6%",80,0.74,14,"17.9%"
"Marcus Smart",25.6,BOS,Combo,1539,49,"20.0%",46,104.6,70,"21.7%",74,1.09,80,"10.6%"
"Ish Smith",31.3,WAS,Point,1462,28,"20.8%",17,102.7,35,"25.4%",67,1.22,83,"9.8%"
"Dennis Smith Jr.",21.9,NYK,Point,523,63,"25.8%",2,80.0,50,"29.3%",48,1.13,7,"17.3%"
"Tony Snell",27.9,DET,Wing,1474,7,"11.1%",90,122.1,50,"10.3%",91,0.93,89,"7.2%"
"Omari Spellman",22.2,GSW,Big,794,65,"17.3%",41,112.6,48,"8.4%",36,0.48,28,"15.3%"
"Edmond Sumner",23.8,IND,Wing,244,50,"15.9%",33,105.5,69,"12.4%",77,0.78,33,"12.9%"
"Caleb Swanigan",22.5,POR,Big,190,26,"13.5%",42,112.8,62,"9.9%",78,0.73,0,"33.6%"
"Jayson Tatum",21.6,BOS,Forward,1891,93,"27.6%",57,113.1,79,"13.7%",40,0.49,75,"9.9%"
"Jeff Teague",31.3,ATL,Combo,408,54,"20.6%",20,97.7,84,"27.4%",92,1.33,11,"16.4%"
"Jeff Teague",31.3,MIN,Combo,936,79,"24.5%",85,116.3,92,"32.6%",93,1.33,25,"13.8%"
"Garrett Temple",33.4,BKN,Wing,1514,50,"16.2%",27,103.4,71,"13.3%",82,0.82,75,"9.3%"
"Daniel Theis",27.5,BOS,Big,1240,31,"13.8%",75,123.8,60,"9.7%",76,0.70,77,"11.5%"
"Isaiah Thomas",30.7,WAS,Point,921,59,"25.0%",30,105.0,24,"22.0%",7,0.88,41,"13.7%"
"Matt Thomas",25.2,TOR,Wing,243,20,"12.5%",99,139.5,34,"8.7%",67,0.69,93,"6.8%"
"Tristan Thompson",28.6,CLE,Big,1658,65,"17.6%",26,108.6,68,"10.5%",59,0.60,37,"14.6%"
"Matisse Thybulle",22.6,PHI,Wing,1001,7,"11.1%",36,105.8,30,"8.1%",71,0.73,7,"15.5%"
"Anthony Tolliver",34.4,POR,Big,514,8,"10.5%",21,107.1,31,"7.1%",72,0.68,30,"15.0%"
"Juan Toscano-Anderson",26.5,GSW,Wing,157,36,"14.1%",52,110.5,80,"15.6%",94,1.11,0,"21.8%"
"Karl-Anthony Towns",23.9,MIN,Big,1181,97,"27.8%",85,130.9,97,"21.0%",83,0.75,46,"13.9%"
"Gary Trent Jr.",20.7,POR,Wing,890,27,"13.6%",64,113.6,14,"6.1%",15,0.45,98,"6.0%"
"Allonzo Trier",23.7,NYK,Combo,199,61,"21.2%",95,123.8,36,"16.1%",31,0.76,2,"18.2%"
"PJ Tucker",34.4,HOU,Big,2026,3,"8.6%",58,117.6,17,"5.8%",72,0.68,31,"15.0%"
"Evan Turner",31.0,ATL,Wing,234,67,"18.6%",4,84.3,96,"23.4%",98,1.26,1,"21.7%"
"Myles Turner",23.6,IND,Big,1458,53,"16.1%",39,112.0,15,"5.7%",9,0.35,72,"11.9%"
"Jonas Valanciunas",27.4,MEM,Big,1468,78,"20.0%",74,123.7,67,"10.4%",40,0.52,49,"13.8%"
"Denzel Valentine",25.9,CHI,Wing,333,80,"22.3%",32,105.2,76,"14.5%",54,0.65,57,"10.7%"
"Fred VanVleet",25.6,TOR,Combo,1712,80,"24.8%",64,109.8,82,"27.3%",75,1.10,69,"11.1%"
"Noah Vonleh",24.1,MIN,Big,327,36,"14.3%",54,117.3,75,"11.4%",87,0.80,24,"15.7%"
"Nikola Vucevic",29.0,ORL,Big,1581,94,"24.5%",22,107.1,95,"18.4%",82,0.75,93,"8.1%"
"Moritz Wagner",22.5,WAS,Big,576,67,"17.8%",86,132.1,65,"10.3%",53,0.58,8,"19.7%"
"Kemba Walker",29.4,BOS,Point,1465,76,"28.8%",76,116.0,28,"23.0%",4,0.80,87,"9.6%"
"Lonnie Walker",20.8,SAS,Wing,642,58,"17.4%",45,108.6,24,"7.8%",16,0.45,55,"10.7%"
"Tyrone Wallace",25.3,ATL,Combo,130,13,"15.8%",2,79.5,20,"12.5%",38,0.79,2,"18.2%"
"Derrick Walton Jr.",24.5,LAC,Point,161,0,"8.9%",100,144.8,2,"12.0%",80,1.35,96,"8.8%"
"Brad Wanamaker",30.2,BOS,Combo,1015,26,"17.5%",82,114.0,48,"18.8%",72,1.07,20,"14.4%"
"TJ Warren",26.1,IND,Forward,1836,79,"20.3%",88,121.8,37,"7.2%",10,0.36,91,"8.6%"
"PJ Washington",21.1,CHA,Big,1535,62,"17.2%",28,109.2,74,"11.3%",68,0.66,44,"14.1%"
"Russell Westbrook",30.9,HOU,Point,1757,98,"36.3%",39,107.8,70,"34.1%",17,0.94,54,"13.3%"
"Coby White",19.7,CHI,Combo,1454,70,"23.6%",41,102.7,33,"15.1%",11,0.64,61,"11.5%"
"Derrick White",25.3,SAS,Combo,1303,41,"19.0%",90,118.4,51,"19.7%",67,1.04,77,"10.6%"
"Hassan Whiteside",30.3,POR,Big,1737,66,"17.6%",80,127.9,19,"5.9%",6,0.34,32,"14.9%"
"Andrew Wiggins",24.6,MIN,Wing,1443,95,"28.1%",38,107.3,90,"18.2%",52,0.65,56,"10.7%"
"Andrew Wiggins",24.6,GSW,Wing,224,83,"23.2%",66,114.0,83,"16.2%",68,0.70,47,"11.6%"
"Grant Williams",20.9,BOS,Big,824,8,"11.1%",17,105.7,49,"8.4%",83,0.76,16,"16.8%"
"Johnathan Williams",24.4,WAS,Big,113,1,"8.3%",82,128.6,27,"6.8%",89,0.81,55,"13.3%"
"Kenrich Williams",24.9,NOP,Big,756,6,"9.5%",2,89.0,54,"8.8%",93,0.93,67,"12.1%"
"Lou Williams",33.0,LAC,Combo,1620,93,"30.8%",69,110.3,90,"30.2%",64,0.98,28,"13.4%"
"Marvin Williams",33.3,CHA,Big,804,19,"13.0%",61,119.6,36,"7.7%",56,0.59,83,"10.1%"
"Robert Williams",22.0,BOS,Big,260,10,"11.4%",88,133.3,67,"10.5%",92,0.92,3,"23.5%"
"Zion Williamson",19.3,NOP,Big,394,96,"27.3%",69,121.7,79,"12.3%",28,0.45,54,"13.5%"
"D.J. Wilson",23.6,MIL,Big,129,13,"12.3%",38,111.8,57,"9.2%",81,0.75,12,"18.4%"
"Justise Winslow",23.6,MIA,Combo,338,57,"20.8%",5,86.1,41,"18.0%",54,0.87,33,"13.1%"
"Christian Wood",24.0,DET,Big,1087,79,"20.0%",83,129.7,29,"7.0%",8,0.35,66,"12.5%"
"Delon Wright",27.5,DAL,Combo,1193,23,"17.3%",79,113.2,74,"22.1%",89,1.28,70,"11.0%"
"Thaddeus Young",31.3,CHI,Big,1436,71,"18.5%",14,104.6,71,"10.8%",56,0.58,36,"14.6%"
"Trae Young",21.1,ATL,Point,1944,100,"38.7%",87,119.7,100,"42.6%",46,1.10,35,"14.3%"
"Cody Zeller",27.0,CHA,Big,1215,74,"19.0%",46,114.4,70,"10.8%",52,0.57,67,"12.3%"
"Ante Zizic",22.8,CLE,Big,135,38,"14.8%",92,135.7,25,"6.5%",27,0.44,6,"22.0%"
"Ivica Zubac",22.6,LAC,Big,1047,46,"15.4%",72,123.4,53,"8.6%",49,0.56,65,"12.6%"