Player,Age,Team,Pos,MIN,"eFG%","",Rim,"","Short Mid","","Long Mid","","All Mid","","Corner Three","","Non Corner","","All Three",""
"","","","","","%","#","%","#","%","#","%","#","%","#","%","#","%","#","%","#"
"Steven Adams",26.2,OKC,Big,1475,71,"58.9%",72,"62%",99,"37%",14,"1%",82,"37%",17,"0%",0,"0%",10,"0%"
"Bam Adebayo",22.2,MIA,Big,2072,58,"56.4%",65,"59%",93,"32%",71,"8%",90,"40%",29,"1%",18,"0%",19,"1%"
"LaMarcus Aldridge",34.2,SAS,Big,1706,38,"53.7%",15,"25%",77,"24%",100,"32%",100,"57%",40,"3%",47,"15%",44,"19%"
"Nickeil Alexander-Walker",21.1,NOP,Combo,444,21,"46.4%",53,"30%",34,"15%",26,"5%",23,"20%",73,"10%",77,"39%",79,"49%"
"Grayson Allen",24.0,MEM,Wing,466,71,"55.0%",38,"22%",90,"25%",19,"3%",62,"28%",63,"15%",52,"34%",56,"49%"
"Jarrett Allen",21.5,BKN,Big,1550,89,"64.7%",94,"86%",28,"13%",9,"0%",18,"13%",26,"1%",0,"0%",16,"1%"
"Al-Farouq Aminu",29.1,ORL,Forward,380,1,"34.3%",77,"41%",53,"16%",56,"6%",49,"22%",31,"10%",43,"26%",36,"36%"
"Kyle Anderson",26.1,MEM,Forward,1000,43,"51.0%",64,"39%",97,"31%",77,"13%",91,"43%",53,"13%",1,"5%",3,"18%"
"Giannis Antetokounmpo",24.9,MIL,Big,1686,69,"58.8%",62,"57%",44,"16%",64,"7%",47,"23%",23,"1%",57,"20%",47,"20%"
"Carmelo Anthony",35.4,POR,Big,1493,6,"46.6%",19,"27%",74,"23%",99,"24%",97,"47%",51,"5%",58,"21%",53,"26%"
"OG Anunoby",22.2,TOR,Forward,1773,81,"57.4%",94,"53%",11,"6%",27,"2%",14,"8%",84,"20%",14,"18%",43,"38%"
"Ryan Arcidiacono",25.6,CHI,Wing,864,62,"53.3%",30,"19%",59,"17%",31,"5%",40,"22%",71,"19%",73,"40%",80,"60%"
"Trevor Ariza",34.3,SAC,Forward,768,44,"51.2%",21,"24%",3,"4%",33,"3%",6,"7%",94,"27%",87,"42%",94,"69%"
"Trevor Ariza",34.3,POR,Forward,565,89,"58.0%",90,"46%",6,"5%",26,"2%",9,"7%",76,"17%",50,"29%",71,"46%"
"D.J. Augustin",31.9,ORL,Point,1106,21,"47.2%",36,"25%",45,"19%",60,"16%",47,"35%",62,"6%",64,"34%",60,"40%"
"Deandre Ayton",21.2,PHX,Big,989,45,"54.3%",57,"53%",92,"31%",87,"15%",96,"46%",0,"0%",19,"1%",13,"1%"
"Dwayne Bacon",24.1,CHA,Wing,645,3,"38.9%",85,"44%",86,"23%",52,"10%",78,"33%",7,"4%",18,"20%",7,"24%"
"Marvin Bagley",20.6,SAC,Big,326,8,"47.9%",53,"50%",90,"29%",76,"9%",86,"39%",20,"1%",41,"11%",34,"11%"
"Lonzo Ball",22.0,NOP,Combo,1680,68,"51.9%",39,"25%",10,"8%",48,"10%",18,"19%",87,"14%",85,"42%",89,"56%"
"Mohamed Bamba",21.4,ORL,Big,813,43,"54.1%",52,"49%",19,"11%",69,"8%",29,"18%",44,"4%",70,"29%",61,"33%"
"J.J. Barea",35.3,DAL,Point,299,30,"49.3%",64,"30%",49,"20%",36,"11%",34,"31%",53,"5%",62,"33%",53,"39%"
"Harrison Barnes",27.4,SAC,Forward,2100,50,"52.2%",71,"40%",87,"25%",46,"5%",70,"30%",40,"12%",16,"18%",20,"30%"
"RJ Barrett",19.3,NYK,Wing,1506,11,"44.6%",90,"48%",70,"19%",49,"9%",56,"28%",33,"9%",8,"15%",8,"24%"
"Will Barton",28.8,DEN,Wing,1750,45,"51.1%",69,"36%",74,"19%",55,"10%",67,"30%",11,"5%",46,"30%",27,"35%"
"Keita Bates-Diop",23.7,MIN,Big,613,18,"50.3%",43,"42%",36,"14%",37,"3%",27,"17%",87,"16%",62,"24%",74,"40%"
"Nicolas Batum",30.8,CHA,Wing,488,7,"43.5%",44,"25%",6,"5%",62,"11%",26,"16%",89,"24%",54,"35%",77,"59%"
"Aron Baynes",32.8,PHX,Big,826,51,"55.5%",38,"40%",58,"18%",31,"2%",41,"20%",52,"6%",79,"34%",71,"40%"
"Kent Bazemore",30.3,POR,Wing,1068,14,"45.1%",50,"29%",37,"12%",61,"11%",42,"23%",88,"23%",34,"26%",52,"49%"
"Kent Bazemore",30.3,SAC,Forward,394,29,"47.8%",91,"46%",60,"18%",53,"6%",57,"24%",67,"16%",9,"14%",19,"29%"
"Darius Bazley",19.3,OKC,Big,854,4,"44.8%",35,"39%",51,"17%",41,"3%",42,"21%",91,"19%",59,"21%",72,"40%"
"Bradley Beal",26.3,WAS,Wing,1892,50,"51.8%",60,"32%",73,"19%",83,"16%",87,"36%",10,"5%",41,"28%",19,"33%"
"Malik Beasley",22.9,DEN,Wing,691,35,"49.6%",31,"19%",65,"17%",68,"13%",68,"30%",48,"12%",71,"39%",62,"51%"
"Malik Beasley",22.9,MIN,Wing,332,91,"58.9%",45,"25%",53,"15%",47,"9%",44,"24%",25,"8%",81,"43%",59,"51%"
"Marco Belinelli",33.6,SAS,Wing,702,15,"45.5%",8,"10%",19,"8%",99,"27%",86,"36%",53,"14%",76,"41%",70,"55%"
"Jordan Bell",24.8,MIN,Big,198,56,"56.1%",88,"78%",26,"13%",0,"0%",17,"13%",52,"6%",30,"4%",33,"9%"
"DeAndre' Bembry",25.3,ATL,Combo,860,58,"50.2%",100,"57%",44,"17%",2,"1%",16,"18%",82,"12%",5,"14%",13,"25%"
"Dragan Bender",21.9,GSW,Forward,136,19,"44.8%",26,"26%",91,"28%",0,"0%",69,"28%",70,"16%",57,"30%",69,"46%"
"Davis Bertans",26.9,WAS,Forward,1446,94,"60.4%",4,"13%",20,"7%",41,"4%",21,"11%",16,"7%",100,"69%",96,"76%"
"Patrick Beverley",31.3,LAC,Point,1224,83,"54.6%",28,"23%",30,"15%",2,"2%",4,"17%",98,"20%",79,"40%",98,"60%"
"Khem Birch",27.0,ORL,Big,731,12,"49.0%",68,"61%",99,"37%",20,"2%",84,"38%",25,"1%",0,"0%",14,"1%"
"Goga Bitadze",20.2,IND,Big,328,9,"48.4%",28,"33%",82,"26%",94,"19%",95,"45%",43,"4%",54,"19%",50,"23%"
"Bismack Biyombo",27.1,CHA,Big,983,40,"53.9%",82,"72%",81,"25%",34,"3%",65,"28%",0,"0%",0,"0%",0,"0%"
"Nemanja Bjelica",31.4,SAC,Big,1730,66,"58.0%",28,"33%",45,"16%",45,"4%",40,"20%",62,"8%",87,"39%",82,"47%"
"Eric Bledsoe",29.8,MIL,Point,1428,74,"53.2%",85,"42%",53,"21%",23,"9%",30,"30%",38,"4%",40,"24%",34,"28%"
"Bogdan Bogdanovic",27.2,SAC,Wing,1398,61,"53.3%",21,"16%",52,"15%",63,"12%",53,"27%",47,"11%",87,"46%",74,"57%"
"Bojan Bogdanovic",30.5,UTA,Forward,1963,69,"54.9%",27,"28%",81,"22%",49,"5%",66,"27%",69,"16%",53,"29%",64,"45%"
"Isaac Bonga",19.9,WAS,Forward,890,84,"57.6%",97,"56%",57,"18%",20,"2%",39,"19%",56,"13%",6,"12%",6,"25%"
"Devin Booker",23.0,PHX,Wing,2115,69,"54.2%",48,"27%",91,"26%",89,"19%",97,"45%",2,"3%",30,"25%",13,"28%"
"Chris Boucher",26.8,TOR,Big,628,25,"51.8%",61,"57%",12,"8%",31,"2%",12,"10%",55,"6%",67,"26%",60,"33%"
"Ky Bowman",22.3,GSW,Point,906,11,"45.7%",57,"29%",55,"21%",70,"20%",68,"41%",85,"9%",30,"22%",38,"30%"
"Avery Bradley",28.9,LAL,Combo,1083,77,"52.9%",27,"22%",23,"11%",98,"25%",68,"36%",98,"21%",16,"21%",60,"42%"
"Tony Bradley",21.8,UTA,Big,428,91,"65.7%",92,"83%",41,"15%",14,"1%",25,"16%",0,"0%",21,"1%",15,"1%"
"Mikal Bridges",23.1,PHX,Wing,1596,90,"58.5%",87,"46%",40,"12%",32,"5%",30,"18%",69,"18%",12,"18%",29,"36%"
"Miles Bridges",21.6,CHA,Forward,1815,41,"50.8%",60,"38%",80,"22%",30,"2%",53,"24%",61,"14%",30,"24%",41,"38%"
"Ryan Broekhoff",29.1,DAL,Forward,132,11,"43.2%",0,"4%",14,"6%",0,"0%",3,"6%",100,"32%",97,"57%",100,"89%"
"Malcolm Brogdon",26.8,IND,Combo,1458,42,"48.7%",79,"39%",19,"10%",95,"23%",58,"33%",11,"2%",32,"25%",18,"28%"
"Dillon Brooks",23.7,MEM,Wing,1730,20,"47.3%",40,"23%",87,"23%",86,"18%",91,"41%",8,"4%",49,"32%",30,"36%"
"Bruce Brown",23.2,DET,Combo,1523,27,"47.6%",98,"51%",87,"28%",6,"2%",52,"30%",84,"13%",2,"7%",5,"20%"
"Jaylen Brown",23.0,BOS,Wing,1686,79,"56.1%",70,"36%",79,"21%",54,"10%",73,"31%",36,"10%",25,"24%",22,"33%"
"Sterling Brown",24.7,MIL,Wing,524,28,"48.1%",67,"35%",27,"10%",43,"7%",27,"17%",75,"20%",42,"29%",54,"49%"
"Troy Brown",20.2,WAS,Wing,1325,47,"51.2%",71,"37%",75,"20%",85,"17%",88,"36%",28,"8%",14,"19%",11,"27%"
"Jalen Brunson",23.1,DAL,Point,954,45,"50.5%",34,"25%",94,"29%",62,"17%",91,"46%",68,"7%",34,"22%",36,"30%"
"Thomas Bryant",22.2,WAS,Big,830,87,"63.9%",58,"53%",37,"15%",92,"16%",72,"31%",34,"2%",45,"14%",40,"16%"
"Reggie Bullock",28.6,NYK,Wing,611,29,"48.3%",28,"18%",25,"9%",96,"24%",80,"33%",62,"15%",53,"34%",55,"49%"
"Trey Burke",26.9,PHI,Point,273,85,"54.6%",66,"33%",26,"14%",94,"27%",70,"41%",45,"5%",28,"21%",23,"26%"
"Alec Burks",28.2,PHI,Combo,164,18,"44.6%",44,"26%",40,"16%",76,"17%",60,"33%",58,"9%",58,"32%",53,"41%"
"Alec Burks",28.2,GSW,Wing,1368,27,"48.0%",52,"29%",84,"22%",78,"16%",90,"38%",15,"6%",36,"27%",21,"33%"
"Deonte Burton",25.7,OKC,Forward,219,0,"33.6%",84,"45%",29,"9%",47,"5%",27,"14%",51,"13%",49,"28%",51,"41%"
"Jimmy Butler",30.1,MIA,Wing,1737,25,"47.9%",81,"42%",98,"31%",70,"13%",96,"45%",3,"3%",3,"10%",1,"13%"
"Bruno Caboclo",24.1,MEM,Big,150,3,"44.3%",56,"52%",22,"11%",68,"7%",30,"19%",84,"15%",46,"15%",58,"30%"
"Kentavious Caldwell-Pope",26.6,LAL,Wing,1503,74,"55.5%",53,"29%",39,"12%",71,"14%",49,"26%",70,"19%",35,"26%",48,"45%"
"Clint Capela",25.4,HOU,Big,1265,84,"62.3%",91,"81%",58,"18%",11,"0%",31,"19%",0,"0%",0,"0%",0,"0%"
"DeMarre Carroll",33.2,SAS,Forward,105,9,"42.5%",39,"29%",99,"33%",0,"0%",81,"33%",23,"8%",51,"29%",39,"38%"
"Jevon Carter",24.1,PHX,Combo,617,87,"54.5%",26,"21%",13,"9%",69,"15%",32,"24%",94,"17%",73,"38%",85,"55%"
"Vince Carter",42.7,ATL,Big,774,5,"44.9%",0,"10%",45,"16%",79,"10%",62,"27%",80,"14%",97,"50%",92,"63%"
"Wendell Carter",20.5,CHI,Big,1148,41,"53.9%",75,"66%",65,"20%",60,"6%",61,"26%",40,"3%",31,"4%",30,"8%"
"Michael Carter-Williams",28.0,ORL,Combo,665,15,"44.0%",90,"48%",77,"24%",19,"4%",42,"28%",35,"6%",13,"18%",11,"24%"
"Alex Caruso",25.6,LAL,Combo,926,55,"50.0%",84,"41%",31,"14%",42,"8%",26,"22%",89,"14%",24,"24%",45,"38%"
"Willie Cauley-Stein",26.2,GSW,Big,918,54,"55.9%",66,"61%",78,"25%",84,"14%",89,"39%",0,"0%",0,"0%",0,"0%"
"Tyson Chandler",37.0,HOU,Big,219,100,"76.5%",99,"95%",5,"5%",0,"0%",3,"5%",0,"0%",0,"0%",0,"0%"
"Wilson Chandler",32.4,BKN,Big,638,26,"52.2%",2,"15%",55,"18%",52,"5%",46,"23%",86,"16%",93,"46%",91,"62%"
"Chris Chiozza",23.9,WAS,Point,102,0,"35.2%",40,"26%",13,"11%",66,"19%",28,"30%",26,"4%",85,"41%",79,"44%"
"Marquese Chriss",22.3,GSW,Big,1044,64,"56.9%",83,"72%",38,"15%",47,"4%",35,"19%",30,"1%",35,"8%",32,"9%"
"Gary Clark",24.9,ORL,Wing,186,56,"52.6%",16,"15%",1,"3%",0,"0%",0,"3%",94,"28%",95,"54%",100,"82%"
"Gary Clark",24.9,HOU,Big,185,21,"51.0%",1,"13%",3,"4%",0,"0%",1,"4%",97,"28%",99,"56%",100,"83%"
"Brandon Clarke",23.1,MEM,Big,1044,89,"64.9%",59,"56%",87,"29%",48,"4%",75,"33%",52,"5%",33,"7%",36,"12%"
"Jordan Clarkson",27.4,UTA,Wing,748,89,"57.6%",43,"25%",95,"27%",23,"4%",76,"31%",58,"14%",44,"30%",46,"44%"
"Jordan Clarkson",27.4,CLE,Wing,654,64,"53.8%",51,"29%",72,"19%",38,"6%",48,"25%",31,"9%",66,"38%",50,"46%"
"Nicolas Claxton",20.5,BKN,Big,157,57,"56.2%",69,"61%",73,"23%",0,"0%",48,"23%",69,"9%",34,"7%",40,"16%"
"Chris Clemons",22.2,HOU,Combo,175,39,"48.7%",16,"19%",2,"3%",11,"3%",0,"5%",2,"1%",100,"75%",98,"76%"
"John Collins",22.1,ATL,Big,1194,86,"63.0%",58,"53%",52,"17%",61,"6%",53,"24%",41,"3%",55,"19%",49,"23%"
"Mike Conley",32.0,UTA,Point,1038,19,"47.2%",13,"19%",98,"32%",32,"10%",74,"42%",91,"9%",55,"30%",57,"39%"
"Pat Connaughton",26.8,MIL,Wing,923,73,"55.5%",75,"38%",9,"6%",13,"2%",3,"8%",21,"7%",90,"47%",68,"54%"
"Quinn Cook",26.6,LAL,Combo,322,60,"50.4%",23,"20%",27,"13%",100,"27%",81,"40%",85,"13%",34,"27%",48,"40%"
"Robert Covington",28.8,HOU,Big,323,50,"55.4%",8,"20%",1,"3%",15,"1%",0,"4%",92,"19%",99,"57%",99,"76%"
"Robert Covington",28.8,MIN,Forward,1406,70,"54.9%",29,"28%",27,"9%",36,"4%",24,"12%",11,"6%",94,"54%",81,"60%"
"Allen Crabbe",27.5,MIN,Wing,131,4,"39.1%",10,"12%",10,"6%",50,"9%",21,"15%",100,"39%",50,"33%",94,"73%"
"Allen Crabbe",27.5,ATL,Wing,495,16,"45.8%",9,"11%",45,"14%",67,"13%",51,"26%",66,"16%",91,"47%",86,"63%"
"Torrey Craig",28.8,DEN,Wing,789,81,"56.6%",72,"37%",27,"10%",20,"3%",14,"13%",83,"22%",42,"29%",57,"50%"
"Jae Crowder",29.3,MEM,Forward,1316,26,"47.0%",23,"24%",16,"6%",59,"6%",26,"13%",41,"12%",91,"52%",87,"64%"
"Jae Crowder",29.3,MIA,Big,298,91,"65.6%",11,"22%",0,"2%",38,"3%",3,"5%",94,"24%",97,"49%",97,"73%"
"Jarrett Culver",20.6,MIN,Combo,1348,16,"44.4%",95,"50%",29,"13%",10,"3%",11,"16%",39,"7%",37,"27%",34,"34%"
"Seth Curry",29.1,DAL,Combo,1348,97,"61.8%",3,"12%",45,"18%",66,"15%",56,"33%",76,"11%",89,"45%",87,"55%"
"Stephen Curry",31.6,GSW,Point,112,47,"50.8%",45,"26%",9,"10%",53,"14%",15,"25%",87,"9%",83,"41%",85,"49%"
"Troy Daniels",28.2,LAL,Wing,373,51,"52.1%",6,"8%",33,"11%",75,"15%",50,"26%",78,"21%",85,"45%",90,"66%"
"Anthony Davis",26.6,LAL,Big,1783,49,"55.0%",44,"42%",74,"23%",94,"18%",91,"41%",43,"4%",43,"13%",41,"17%"
"Ed Davis",30.4,UTA,Big,240,2,"41.4%",73,"63%",95,"33%",42,"3%",81,"37%",0,"0%",0,"0%",0,"0%"
"Terence Davis",22.4,TOR,Combo,984,90,"56.1%",56,"33%",8,"8%",5,"2%",2,"10%",92,"15%",82,"42%",92,"57%"
"Dewayne Dedmon",30.2,ATL,Big,137,8,"47.7%",32,"35%",33,"14%",51,"5%",31,"19%",81,"14%",75,"33%",80,"47%"
"Dewayne Dedmon",30.2,SAC,Big,519,4,"44.4%",33,"37%",43,"15%",70,"8%",50,"23%",56,"7%",77,"33%",72,"40%"
"Matthew Dellavedova",29.1,CLE,Combo,646,8,"40.7%",6,"14%",97,"34%",8,"2%",69,"36%",56,"9%",81,"41%",81,"50%"
"DeMar DeRozan",30.2,SAS,Forward,1973,57,"53.1%",50,"32%",100,"38%",99,"26%",100,"65%",0,"1%",0,"2%",0,"3%"
"Cheick Diallo",23.1,PHX,Big,359,88,"64.6%",80,"69%",59,"19%",82,"12%",70,"30%",28,"1%",0,"0%",17,"1%"
"Hamidou Diallo",21.2,OKC,Wing,610,17,"46.1%",97,"57%",85,"23%",36,"6%",64,"28%",50,"12%",1,"2%",2,"15%"
"Gorgui Dieng",29.7,MEM,Big,153,57,"56.2%",30,"33%",62,"20%",70,"8%",62,"27%",81,"14%",65,"25%",69,"39%"
"Gorgui Dieng",29.7,MIN,Big,762,39,"53.8%",31,"35%",34,"14%",80,"11%",57,"25%",73,"10%",72,"31%",73,"40%"
"Spencer Dinwiddie",26.5,BKN,Combo,1874,29,"48.1%",77,"38%",68,"23%",23,"5%",39,"28%",29,"5%",42,"29%",32,"34%"
"Donte DiVincenzo",22.7,MIL,Combo,1237,85,"54.1%",85,"42%",5,"6%",31,"6%",6,"12%",42,"7%",71,"38%",69,"45%"
"Luka Doncic",20.6,DAL,Wing,1612,66,"54.0%",61,"32%",89,"24%",24,"4%",63,"28%",0,"1%",68,"38%",38,"39%"
"Luguentz Dort",20.5,OKC,Wing,539,30,"48.5%",79,"41%",41,"13%",0,"0%",13,"13%",82,"22%",29,"24%",50,"46%"
"Damyean Dotson",25.4,NYK,Wing,740,54,"52.5%",13,"15%",13,"7%",95,"23%",69,"30%",29,"8%",89,"47%",71,"55%"
"Sekou Doumbouya",18.8,DET,Forward,633,16,"44.6%",76,"41%",40,"14%",50,"6%",37,"19%",63,"15%",36,"25%",49,"39%"
"PJ Dozier",23.0,DEN,Wing,208,19,"47.3%",57,"31%",92,"26%",77,"16%",92,"42%",5,"4%",23,"23%",12,"27%"
"Goran Dragic",33.4,MIA,Point,1383,79,"54.2%",30,"24%",47,"19%",49,"13%",40,"32%",79,"8%",68,"36%",74,"44%"
"Andre Drummond",26.2,CLE,Big,153,42,"53.9%",81,"70%",30,"14%",18,"1%",21,"15%",54,"6%",36,"9%",39,"15%"
"Andre Drummond",26.2,DET,Big,1635,37,"53.5%",81,"70%",84,"27%",16,"1%",64,"28%",19,"1%",25,"2%",23,"2%"
"Jared Dudley",34.3,LAL,Big,229,75,"60.0%",7,"20%",1,"2%",53,"5%",5,"8%",95,"25%",95,"48%",97,"72%"
"Kris Dunn",25.6,CHI,Point,1254,32,"49.4%",87,"42%",60,"21%",9,"5%",21,"27%",83,"9%",36,"23%",40,"31%"
"Carsen Edwards",21.6,BOS,Combo,247,10,"41.0%",13,"18%",11,"9%",71,"15%",34,"24%",45,"8%",94,"50%",94,"58%"
"Wayne Ellington",31.9,NYK,Combo,443,53,"49.6%",0,"6%",0,"1%",52,"10%",5,"12%",69,"10%",98,"72%",100,"82%"
"Joel Embiid",25.6,PHI,Big,1299,21,"51.0%",30,"33%",84,"27%",97,"21%",99,"47%",27,"1%",53,"19%",45,"19%"
"James Ennis",29.3,ORL,Wing,184,32,"49.0%",90,"51%",3,"3%",41,"7%",10,"10%",20,"7%",50,"32%",37,"39%"
"James Ennis",29.3,PHI,Wing,749,58,"53.0%",86,"44%",26,"9%",15,"3%",11,"12%",77,"21%",26,"24%",47,"44%"
"Jacob Evans",22.3,GSW,Wing,377,1,"36.4%",32,"19%",82,"21%",100,"35%",99,"56%",22,"7%",10,"17%",9,"25%"
"Dante Exum",24.3,CLE,Wing,382,83,"56.6%",92,"52%",51,"15%",6,"1%",25,"16%",35,"9%",21,"22%",17,"32%"
"Derrick Favors",28.2,NOP,Big,1006,84,"62.9%",86,"75%",49,"17%",58,"6%",50,"23%",31,"1%",17,"0%",21,"2%"
"Cristiano Felicio",27.3,CHI,Big,373,85,"63.0%",92,"83%",26,"13%",21,"2%",19,"14%",0,"0%",28,"3%",25,"3%"
"Terrance Ferguson",21.4,OKC,Wing,1100,34,"49.5%",16,"15%",1,"3%",33,"6%",4,"8%",99,"36%",74,"41%",96,"76%"
"Bruno Fernando",21.2,ATL,Big,605,52,"55.5%",74,"65%",52,"17%",17,"1%",30,"18%",61,"8%",36,"9%",42,"17%"
"Yogi Ferrell",26.4,SAC,Point,428,17,"46.7%",21,"23%",34,"15%",96,"28%",81,"43%",77,"8%",43,"26%",47,"34%"
"Dorian Finney-Smith",26.4,DAL,Forward,1838,87,"57.9%",61,"38%",9,"5%",29,"2%",10,"8%",96,"28%",40,"26%",80,"54%"
"Bryn Forbes",26.2,SAS,Wing,1488,68,"54.2%",5,"8%",35,"12%",80,"16%",55,"27%",19,"7%",97,"58%",88,"65%"
"Evan Fournier",27.0,ORL,Wing,1888,80,"56.2%",41,"24%",70,"18%",74,"15%",79,"33%",17,"7%",63,"37%",45,"44%"
"De'Aaron Fox",21.8,SAC,Point,1315,49,"51.3%",89,"44%",96,"30%",15,"7%",57,"37%",17,"3%",15,"16%",13,"19%"
"Tim Frazier",28.9,DET,Point,310,4,"43.5%",55,"28%",62,"22%",83,"23%",85,"45%",19,"3%",38,"24%",28,"27%"
"Markelle Fultz",21.4,ORL,Combo,1675,40,"48.7%",87,"44%",73,"23%",74,"17%",82,"40%",10,"2%",3,"13%",3,"16%"
"Daniel Gafford",21.0,CHI,Big,516,97,"68.8%",96,"87%",16,"10%",38,"3%",16,"13%",0,"0%",0,"0%",0,"0%"
"Danilo Gallinari",31.2,OKC,Big,1588,48,"55.0%",9,"21%",33,"14%",88,"15%",69,"29%",53,"6%",91,"44%",83,"49%"
"Langston Galloway",27.8,DET,Wing,1551,82,"56.6%",12,"14%",60,"17%",46,"8%",45,"25%",91,"25%",57,"36%",84,"61%"
"Darius Garland",19.7,CLE,Combo,1761,26,"47.2%",29,"23%",79,"24%",60,"13%",74,"37%",61,"9%",53,"32%",50,"40%"
"Marc Gasol",34.7,TOR,Big,966,36,"53.3%",9,"21%",61,"19%",72,"8%",64,"28%",47,"5%",94,"47%",84,"52%"
"Rudy Gay",33.2,SAS,Big,1201,13,"49.6%",13,"23%",86,"28%",90,"16%",94,"44%",74,"10%",62,"23%",62,"33%"
"Paul George",29.5,LAC,Wing,1121,59,"53.1%",34,"20%",54,"15%",88,"18%",81,"34%",23,"7%",69,"39%",51,"46%"
"Taj Gibson",34.3,NYK,Big,938,68,"58.7%",71,"62%",38,"15%",96,"19%",78,"34%",35,"2%",27,"2%",27,"4%"
"Harry Giles",21.5,SAC,Big,508,55,"56.0%",51,"48%",89,"29%",99,"23%",99,"52%",0,"0%",0,"0%",0,"0%"
"Shai Gilgeous-Alexander",21.3,OKC,Wing,2130,43,"50.8%",73,"38%",97,"28%",64,"12%",90,"40%",4,"3%",13,"19%",5,"22%"
"Rudy Gobert",27.3,UTA,Big,2006,98,"69.5%",97,"90%",16,"10%",0,"0%",11,"10%",0,"0%",0,"0%",0,"0%"
"Brandon Goodwin",24.0,ATL,Combo,370,31,"48.1%",50,"29%",61,"21%",40,"8%",47,"29%",52,"8%",65,"34%",58,"42%"
"Aaron Gordon",24.1,ORL,Forward,1772,31,"48.9%",66,"39%",69,"20%",81,"14%",80,"33%",10,"6%",21,"22%",10,"28%"
"Eric Gordon",30.8,HOU,Wing,919,31,"48.7%",50,"28%",18,"8%",10,"2%",7,"10%",13,"6%",96,"56%",85,"62%"
"Devonte' Graham",24.6,CHA,Point,2041,26,"49.2%",11,"17%",28,"14%",40,"11%",17,"26%",34,"4%",98,"54%",96,"58%"
"Treveon Graham",26.0,ATL,Forward,183,14,"44.4%",43,"30%",83,"22%",21,"2%",54,"24%",59,"14%",69,"32%",69,"46%"
"Treveon Graham",26.0,MIN,Forward,626,4,"40.1%",69,"40%",56,"17%",0,"0%",31,"17%",39,"12%",64,"31%",54,"43%"
"Jerami Grant",25.6,DEN,Big,1544,48,"54.9%",43,"42%",32,"14%",77,"9%",51,"23%",76,"12%",61,"23%",64,"35%"
"Danny Green",32.3,LAL,Wing,1440,75,"55.7%",24,"17%",21,"9%",34,"6%",18,"14%",98,"31%",67,"38%",93,"69%"
"Draymond Green",29.6,GSW,Forward,1219,20,"45.0%",49,"32%",66,"19%",67,"11%",73,"30%",6,"4%",71,"34%",40,"38%"
"JaMychal Green",29.3,LAC,Big,1009,31,"52.5%",19,"27%",11,"7%",30,"2%",10,"9%",87,"17%",96,"48%",92,"64%"
"Javonte Green",26.2,BOS,Wing,309,70,"55.0%",99,"59%",61,"17%",7,"1%",30,"18%",39,"10%",7,"13%",6,"23%"
"Jeff Green",33.1,UTA,Forward,546,33,"48.9%",44,"31%",73,"20%",37,"4%",56,"24%",86,"20%",37,"25%",66,"45%"
"Blake Griffin",30.6,DET,Big,512,1,"40.2%",42,"41%",36,"15%",50,"4%",34,"19%",72,"10%",71,"30%",70,"40%"
"Marko Guduric",24.6,MEM,Wing,396,22,"47.6%",56,"31%",30,"10%",45,"8%",33,"18%",61,"15%",55,"36%",61,"51%"
"Rui Hachimura",21.7,WAS,Big,1077,30,"52.4%",49,"47%",60,"19%",96,"20%",87,"39%",49,"5%",38,"10%",38,"14%"
"Tim Hardaway Jr.",27.6,DAL,Wing,1653,78,"56.1%",27,"18%",48,"14%",70,"13%",57,"28%",55,"14%",75,"41%",69,"55%"
"James Harden",30.1,HOU,Combo,2094,82,"53.8%",48,"29%",55,"19%",3,"1%",24,"21%",13,"3%",92,"48%",82,"51%"
"Maurice Harkless",26.4,NYK,Wing,174,87,"57.3%",96,"55%",5,"4%",11,"2%",1,"6%",32,"9%",45,"30%",35,"38%"
"Maurice Harkless",26.4,LAC,Forward,1122,90,"58.1%",99,"61%",7,"5%",31,"3%",13,"8%",80,"19%",7,"12%",23,"31%"
"Montrezl Harrell",25.7,LAC,Big,1621,67,"58.3%",84,"75%",72,"22%",32,"2%",56,"25%",0,"0%",19,"1%",12,"1%"
"Gary Harris",25.1,DEN,Wing,1647,18,"47.2%",68,"35%",63,"17%",56,"10%",54,"27%",49,"12%",33,"26%",34,"38%"
"Joe Harris",28.1,BKN,Wing,1831,86,"57.1%",62,"33%",30,"10%",30,"5%",23,"15%",34,"9%",78,"42%",64,"52%"
"Tobias Harris",27.2,PHI,Forward,2135,56,"53.0%",40,"30%",90,"26%",84,"15%",89,"41%",9,"6%",27,"23%",14,"29%"
"Shaquille Harrison",26.0,CHI,Wing,307,67,"54.1%",100,"60%",66,"17%",5,"1%",31,"18%",43,"11%",5,"11%",4,"22%"
"Josh Hart",24.6,NOP,Forward,1450,63,"54.4%",34,"28%",4,"5%",23,"2%",7,"7%",81,"19%",89,"45%",89,"64%"
"Isaiah Hartenstein",21.4,HOU,Big,224,94,"67.2%",87,"76%",62,"19%",21,"2%",43,"21%",0,"0%",29,"3%",25,"3%"
"Jaxson Hayes",19.4,NOP,Big,896,95,"68.0%",98,"91%",13,"9%",0,"0%",9,"9%",19,"0%",0,"0%",11,"0%"
"Gordon Hayward",29.6,BOS,Forward,1426,80,"56.2%",37,"29%",86,"25%",87,"17%",90,"42%",14,"7%",23,"22%",16,"29%"
"John Henson",28.8,DET,Big,140,96,"68.1%",77,"67%",81,"26%",0,"0%",60,"26%",61,"8%",0,"0%",31,"8%"
"John Henson",28.8,CLE,Big,405,40,"53.8%",55,"51%",76,"23%",21,"2%",57,"25%",58,"7%",50,"17%",51,"24%"
"Juan Hernangomez",24.0,DEN,Forward,370,6,"40.8%",70,"40%",39,"14%",11,"1%",29,"15%",47,"13%",70,"33%",67,"46%"
"Juan Hernangomez",24.0,MIN,Big,288,63,"56.9%",52,"48%",7,"6%",24,"2%",7,"8%",64,"8%",84,"36%",77,"44%"
"Willy Hernangomez",25.4,CHA,Big,259,23,"51.5%",64,"58%",88,"29%",26,"2%",72,"31%",33,"2%",38,"10%",35,"12%"
"Tyler Herro",19.7,MIA,Wing,1211,42,"50.5%",25,"18%",47,"14%",93,"23%",89,"37%",30,"8%",65,"37%",49,"46%"
"Mario Hezonja",24.6,POR,Forward,638,17,"44.8%",83,"44%",51,"16%",66,"9%",60,"25%",13,"6%",33,"24%",21,"31%"
"Buddy Hield",26.8,SAC,Wing,1944,65,"54.0%",22,"17%",31,"11%",81,"16%",52,"27%",44,"11%",88,"46%",73,"57%"
"George Hill",33.4,MIL,Combo,1069,100,"64.5%",68,"37%",26,"12%",39,"7%",21,"20%",81,"12%",56,"32%",63,"43%"
"Solomon Hill",28.6,MEM,Forward,866,51,"52.3%",11,"19%",37,"13%",61,"7%",41,"20%",79,"19%",84,"41%",83,"60%"
"Aaron Holiday",23.0,IND,Point,1171,43,"50.1%",53,"28%",38,"17%",55,"15%",36,"32%",66,"7%",60,"33%",62,"40%"
"Jrue Holiday",29.3,NOP,Combo,1805,65,"50.9%",82,"40%",63,"21%",27,"6%",37,"27%",26,"5%",39,"27%",29,"32%"
"Justin Holiday",30.5,IND,Wing,1496,95,"59.7%",36,"22%",8,"6%",42,"7%",12,"13%",95,"28%",62,"37%",89,"65%"
"Rondae Hollis-Jefferson",24.8,TOR,Big,934,7,"46.7%",89,"79%",31,"14%",33,"2%",25,"16%",39,"3%",25,"2%",29,"5%"
"Richaun Holmes",26.0,SAC,Big,1073,92,"65.8%",74,"66%",87,"29%",57,"6%",79,"34%",0,"0%",0,"0%",0,"0%"
"Rodney Hood",27.0,POR,Forward,617,96,"60.7%",6,"13%",96,"30%",90,"18%",94,"48%",71,"16%",24,"23%",46,"39%"
"Al Horford",33.4,PHI,Big,1740,14,"49.7%",11,"22%",70,"22%",93,"17%",88,"39%",48,"5%",77,"34%",69,"39%"
"Danuel House",26.4,HOU,Forward,1609,76,"55.9%",41,"30%",17,"7%",14,"1%",11,"8%",97,"29%",73,"34%",86,"62%"
"Dwight Howard",33.8,LAL,Big,1127,99,"72.7%",95,"87%",23,"11%",13,"1%",16,"12%",22,"1%",0,"0%",13,"1%"
"Kevin Huerter",21.1,ATL,Wing,1573,53,"52.3%",26,"18%",71,"19%",59,"11%",66,"30%",37,"10%",80,"43%",66,"53%"
"DeAndre Hunter",21.9,ATL,Forward,1830,36,"49.2%",47,"31%",50,"15%",74,"12%",67,"28%",66,"15%",41,"26%",53,"41%"
"Chandler Hutchison",23.5,CHI,Forward,513,30,"48.0%",100,"62%",63,"19%",17,"2%",44,"20%",29,"9%",3,"8%",1,"18%"
"Serge Ibaka",30.1,TOR,Big,1259,61,"56.6%",29,"33%",86,"28%",86,"15%",93,"43%",38,"3%",60,"21%",52,"24%"
"Andre Iguodala",35.7,MIA,Forward,183,93,"58.6%",30,"28%",24,"8%",69,"11%",40,"19%",89,"22%",60,"31%",77,"53%"
"Ersan Ilyasova",32.4,MIL,Big,848,44,"54.3%",40,"41%",35,"14%",60,"6%",40,"20%",75,"12%",68,"27%",68,"38%"
"Joe Ingles",32.0,UTA,Forward,1791,77,"55.9%",14,"21%",47,"15%",34,"3%",33,"18%",54,"13%",90,"47%",84,"61%"
"Brandon Ingram",22.1,NOP,Forward,1797,60,"54.1%",53,"32%",64,"19%",86,"16%",86,"35%",30,"10%",26,"23%",26,"32%"
"Kyrie Irving",27.6,BKN,Point,658,81,"54.4%",43,"26%",70,"25%",64,"17%",72,"41%",23,"3%",51,"29%",43,"32%"
"Jonathan Isaac",22.0,ORL,Big,941,19,"50.5%",45,"43%",42,"15%",85,"15%",70,"30%",58,"7%",55,"19%",54,"27%"
"Wes Iwundu",24.8,ORL,Forward,713,10,"42.7%",54,"33%",59,"18%",91,"18%",87,"36%",46,"12%",19,"19%",24,"32%"
"Frank Jackson",21.4,NOP,Point,548,34,"49.5%",38,"26%",51,"21%",28,"10%",32,"30%",96,"17%",45,"27%",77,"44%"
"Jaren Jackson",20.1,MEM,Big,1501,59,"56.5%",25,"31%",70,"22%",23,"2%",54,"24%",72,"10%",81,"35%",77,"45%"
"Josh Jackson",22.7,MEM,Forward,262,37,"50.0%",63,"38%",54,"17%",44,"5%",47,"21%",50,"13%",44,"27%",50,"40%"
"Justin Jackson",24.5,DAL,Forward,766,24,"46.9%",24,"25%",89,"26%",43,"4%",74,"30%",36,"10%",76,"34%",57,"44%"
"Reggie Jackson",29.5,LAC,Wing,106,100,"69.1%",33,"19%",96,"28%",0,"0%",58,"28%",67,"17%",58,"36%",67,"53%"
"Reggie Jackson",29.5,DET,Point,375,13,"45.9%",15,"21%",91,"29%",21,"9%",60,"38%",47,"5%",72,"36%",66,"41%"
"Justin James",22.7,SAC,Wing,173,8,"44.0%",63,"33%",69,"18%",72,"14%",77,"31%",64,"16%",17,"20%",28,"35%"
"LeBron James",34.8,LAL,Forward,1978,67,"54.9%",87,"46%",33,"12%",79,"13%",59,"25%",3,"2%",46,"27%",17,"29%"
"Ty Jerome",22.3,PHX,Combo,227,13,"42.4%",15,"19%",90,"31%",47,"10%",84,"41%",58,"9%",58,"32%",53,"41%"
"Cameron Johnson",23.6,PHX,Forward,969,73,"55.1%",13,"20%",10,"6%",57,"6%",23,"12%",99,"30%",80,"38%",91,"68%"
"James Johnson",32.6,MIN,Big,243,65,"57.4%",60,"56%",25,"12%",48,"4%",26,"16%",50,"5%",60,"22%",56,"28%"
"James Johnson",32.6,MIA,Big,263,46,"54.5%",40,"41%",23,"12%",0,"0%",14,"12%",77,"12%",81,"35%",81,"47%"
"Tyler Johnson",27.4,PHX,Combo,509,19,"44.9%",31,"23%",32,"14%",77,"18%",55,"32%",55,"8%",68,"36%",66,"45%"
"Nikola Jokic",24.6,DEN,Big,1964,64,"57.2%",26,"32%",92,"32%",89,"15%",98,"47%",21,"1%",58,"20%",48,"21%"
"Damian Jones",24.3,ATL,Big,835,94,"67.3%",94,"87%",9,"6%",28,"2%",9,"8%",42,"3%",22,"1%",28,"4%"
"Tyus Jones",23.4,MEM,Point,1107,64,"52.2%",17,"21%",100,"38%",51,"14%",98,"52%",47,"5%",32,"22%",26,"27%"
"Derrick Jones, Jr.",22.7,MIA,Wing,1115,84,"56.9%",98,"57%",17,"8%",10,"2%",8,"10%",79,"21%",6,"12%",20,"33%"
"DeAndre Jordan",31.2,BKN,Big,1133,93,"66.9%",99,"93%",9,"7%",9,"0%",4,"7%",0,"0%",0,"0%",0,"0%"
"Cory Joseph",28.1,SAC,Combo,1440,45,"48.9%",21,"20%",82,"25%",85,"20%",95,"45%",66,"10%",29,"25%",37,"35%"
"Frank Kaminsky",26.5,PHX,Big,701,36,"53.3%",38,"40%",53,"18%",58,"6%",52,"24%",36,"2%",79,"34%",67,"37%"
"Enes Kanter",27.4,BOS,Big,830,65,"57.9%",89,"79%",42,"15%",47,"4%",36,"19%",18,"0%",26,"2%",23,"2%"
"Luke Kennard",23.3,DET,Wing,909,72,"55.4%",23,"17%",55,"16%",76,"15%",72,"31%",41,"11%",77,"42%",65,"53%"
"Michael Kidd-Gilchrist",26.0,CHA,Big,131,1,"39.0%",21,"28%",94,"33%",65,"7%",89,"40%",81,"14%",53,"19%",60,"33%"
"Maxi Kleber",27.7,DAL,Big,1508,69,"58.8%",31,"34%",8,"6%",26,"2%",8,"8%",93,"21%",84,"37%",87,"58%"
"Brandon Knight",27.9,CLE,Wing,204,13,"45.0%",4,"7%",43,"13%",18,"3%",24,"16%",65,"16%",100,"61%",97,"77%"
"Brandon Knight",27.9,DET,Point,116,94,"58.2%",0,"2%",2,"10%",4,"2%",0,"12%",32,"4%",100,"82%",100,"86%"
"Kevin Knox",20.2,NYK,Forward,970,13,"43.8%",36,"29%",44,"15%",73,"12%",63,"27%",43,"12%",67,"32%",59,"44%"
"Furkan Korkmaz",22.2,PHI,Wing,1310,76,"55.8%",14,"15%",58,"16%",48,"9%",47,"25%",54,"14%",86,"46%",79,"59%"
"Luke Kornet",24.2,CHI,Big,532,38,"53.5%",27,"33%",19,"10%",23,"2%",15,"12%",78,"13%",90,"43%",86,"55%"
"Kyle Korver",38.6,MIL,Wing,696,90,"58.0%",2,"6%",4,"4%",58,"11%",19,"14%",76,"20%",99,"59%",98,"80%"
"Rodions Kurucs",21.7,BKN,Forward,412,64,"54.4%",89,"46%",31,"10%",0,"0%",19,"10%",49,"13%",63,"31%",56,"44%"
"Kyle Kuzma",24.2,LAL,Big,1197,14,"49.7%",21,"27%",80,"25%",82,"11%",82,"37%",69,"9%",69,"27%",65,"36%"
"Skal Labissiere",23.6,POR,Big,533,55,"56.1%",48,"46%",91,"31%",87,"15%",96,"46%",31,"1%",33,"7%",31,"8%"
"Jeremy Lamb",27.4,IND,Wing,1289,50,"51.6%",42,"25%",83,"21%",97,"25%",98,"46%",12,"5%",28,"24%",15,"30%"
"Romeo Langford",20.0,BOS,Wing,207,9,"44.0%",77,"40%",77,"20%",12,"2%",41,"22%",86,"22%",9,"16%",32,"38%"
"Zach LaVine",24.6,CHI,Wing,2080,57,"53.0%",84,"44%",15,"7%",65,"12%",36,"19%",18,"7%",47,"30%",31,"37%"
"Jake Layman",25.6,MIN,Forward,414,40,"50.7%",67,"39%",36,"13%",63,"8%",46,"21%",20,"8%",66,"32%",47,"39%"
"TJ Leaf",22.5,IND,Big,149,16,"50.0%",72,"62%",50,"17%",43,"3%",42,"21%",50,"5%",42,"12%",42,"17%"
"Courtney Lee",34.0,DAL,Wing,178,85,"57.0%",20,"16%",56,"16%",50,"9%",46,"25%",87,"23%",60,"36%",78,"59%"
"Damion Lee",27.0,GSW,Combo,1259,37,"48.6%",19,"20%",69,"23%",63,"14%",73,"37%",68,"10%",61,"33%",61,"43%"
"Alex Len",26.3,ATL,Big,716,62,"56.9%",70,"61%",48,"17%",25,"2%",36,"19%",70,"9%",40,"10%",46,"20%"
"Alex Len",26.3,SAC,Big,111,75,"60.0%",85,"75%",78,"25%",0,"0%",57,"25%",0,"0%",0,"0%",0,"0%"
"Kawhi Leonard",28.3,LAC,Forward,1542,47,"51.6%",20,"23%",94,"30%",94,"21%",99,"51%",1,"2%",31,"24%",7,"26%"
"Meyers Leonard",27.6,MIA,Big,986,87,"63.5%",22,"29%",46,"17%",39,"3%",39,"20%",67,"9%",91,"43%",85,"52%"
"Caris LeVert",25.1,BKN,Combo,991,23,"47.1%",58,"34%",92,"31%",34,"7%",76,"38%",18,"4%",27,"24%",19,"28%"
"Damian Lillard",29.2,POR,Point,1992,89,"55.6%",68,"34%",4,"10%",26,"9%",9,"19%",4,"2%",89,"45%",81,"46%"
"Nassir Little",19.7,POR,Forward,485,37,"50.0%",96,"54%",30,"9%",10,"1%",20,"10%",77,"17%",17,"19%",34,"36%"
"Kevon Looney",23.7,GSW,Big,241,0,"36.3%",50,"47%",64,"20%",91,"16%",81,"36%",64,"8%",37,"9%",43,"17%"
"Brook Lopez",31.5,MIL,Big,1530,15,"49.7%",23,"30%",72,"23%",28,"2%",55,"25%",67,"8%",86,"37%",79,"46%"
"Robin Lopez",31.5,MIL,Big,709,53,"55.8%",25,"31%",97,"36%",10,"0%",80,"36%",89,"18%",48,"16%",62,"33%"
"Kevin Love",31.1,CLE,Big,1612,53,"55.8%",6,"19%",39,"15%",92,"16%",73,"31%",65,"8%",89,"42%",84,"50%"
"Kyle Lowry",33.6,TOR,Point,1774,60,"52.0%",49,"27%",6,"10%",34,"11%",11,"21%",43,"5%",94,"47%",89,"52%"
"Timothe Luwawu-Cabarrot",24.4,BKN,Wing,517,36,"50.0%",80,"42%",6,"5%",26,"4%",6,"9%",80,"21%",40,"28%",53,"49%"
"Trey Lyles",23.9,SAS,Big,1152,35,"53.1%",24,"31%",31,"14%",75,"9%",47,"23%",79,"14%",76,"33%",81,"47%"
"Ian Mahinmi",32.9,WAS,Big,799,17,"50.2%",75,"66%",69,"22%",33,"2%",55,"24%",30,"1%",35,"9%",33,"10%"
"Thon Maker",22.6,DET,Big,649,34,"53.0%",47,"44%",56,"18%",77,"10%",63,"28%",79,"13%",47,"15%",57,"28%"
"Terance Mann",23.0,LAC,Wing,191,21,"47.3%",88,"48%",93,"26%",28,"5%",74,"31%",72,"19%",0,"2%",3,"21%"
"Boban Marjanovic",31.2,DAL,Big,223,80,"61.2%",60,"56%",98,"37%",54,"5%",92,"42%",0,"0%",24,"2%",21,"2%"
"Lauri Markkanen",22.4,CHI,Big,1390,23,"51.4%",33,"35%",29,"14%",35,"3%",24,"16%",59,"7%",88,"42%",82,"49%"
"Caleb Martin",24.0,CHA,Wing,167,23,"47.7%",94,"53%",0,"2%",27,"4%",2,"7%",16,"7%",50,"33%",40,"40%"
"Cody Martin",24.0,CHA,Wing,699,36,"50.0%",91,"52%",23,"9%",30,"5%",17,"14%",56,"14%",16,"19%",24,"34%"
"Kelan Martin",24.2,MIN,Forward,455,21,"46.3%",16,"22%",77,"21%",53,"6%",64,"27%",87,"22%",54,"29%",76,"51%"
"Garrison Mathews",23.0,WAS,Wing,184,98,"66.3%",0,"2%",23,"9%",50,"9%",31,"18%",85,"22%",98,"58%",99,"80%"
"Wesley Matthews",33.0,MIL,Wing,1391,52,"52.3%",18,"16%",36,"12%",36,"6%",29,"18%",73,"20%",90,"47%",91,"67%"
"Patrick McCaw",24.0,TOR,Wing,802,48,"51.4%",76,"40%",50,"15%",35,"6%",38,"21%",84,"22%",11,"18%",39,"40%"
"CJ McCollum",28.1,POR,Combo,2071,71,"52.5%",24,"21%",74,"23%",89,"20%",87,"43%",31,"6%",52,"30%",44,"36%"
"TJ McConnell",27.6,IND,Combo,1061,76,"52.7%",69,"37%",100,"41%",82,"19%",100,"60%",5,"2%",0,"1%",0,"3%"
"Jalen McDaniels",21.7,CHA,Wing,191,87,"57.3%",83,"43%",76,"20%",0,"0%",37,"20%",93,"26%",4,"11%",30,"37%"
"Doug McDermott",27.8,IND,Forward,1167,97,"61.0%",31,"28%",19,"7%",71,"11%",34,"18%",57,"14%",83,"40%",79,"54%"
"JaVale McGee",31.7,LAL,Big,934,90,"65.4%",90,"80%",53,"18%",18,"1%",32,"19%",0,"0%",23,"1%",18,"1%"
"Rodney McGruder",28.2,LAC,Wing,648,12,"44.8%",35,"21%",94,"27%",4,"1%",60,"28%",96,"29%",20,"22%",60,"51%"
"Alfonzo McKinnie",27.1,CLE,Forward,455,27,"47.6%",80,"43%",61,"19%",37,"4%",49,"22%",74,"17%",13,"18%",31,"35%"
"Jordan McLaughlin",23.5,MIN,Point,489,98,"59.9%",91,"48%",15,"12%",0,"1%",2,"12%",57,"6%",66,"34%",62,"40%"
"Ben McLemore",26.7,HOU,Forward,1339,99,"61.9%",9,"17%",1,"2%",0,"0%",0,"2%",93,"26%",96,"54%",97,"81%"
"Jordan McRae",28.5,WAS,Wing,607,24,"47.7%",47,"27%",80,"21%",92,"23%",95,"43%",14,"6%",27,"24%",14,"29%"
"Nicolo Melli",28.7,NOP,Big,761,74,"59.4%",8,"20%",21,"11%",73,"9%",38,"20%",85,"15%",92,"45%",89,"60%"
"De'Anthony Melton",21.4,MEM,Combo,860,35,"48.5%",74,"37%",56,"20%",61,"14%",63,"34%",32,"6%",19,"23%",21,"29%"
"Khris Middleton",28.2,MIL,Forward,1537,91,"58.4%",7,"15%",84,"23%",97,"26%",97,"49%",7,"5%",61,"31%",37,"36%"
"CJ Miles",32.6,WAS,Wing,155,5,"43.0%",49,"28%",34,"11%",39,"6%",28,"17%",45,"11%",82,"44%",70,"55%"
"Patty Mills",31.2,SAS,Combo,1369,89,"55.4%",8,"15%",3,"4%",65,"14%",15,"18%",90,"15%",95,"53%",95,"67%"
"Paul Millsap",34.7,DEN,Big,971,47,"54.8%",42,"42%",82,"26%",69,"8%",77,"34%",60,"8%",51,"17%",53,"25%"
"Shake Milton",23.0,PHI,Combo,479,98,"63.7%",61,"34%",39,"16%",13,"3%",19,"19%",79,"11%",66,"36%",77,"47%"
"Donovan Mitchell",23.1,UTA,Combo,2025,73,"52.5%",32,"24%",89,"29%",68,"15%",90,"44%",19,"4%",40,"28%",26,"32%"
"Malik Monk",21.7,CHA,Wing,1126,39,"50.3%",74,"38%",78,"20%",22,"4%",43,"24%",24,"8%",48,"30%",33,"38%"
"E'Twaun Moore",30.6,NOP,Wing,891,41,"50.4%",29,"18%",99,"32%",57,"11%",94,"43%",52,"14%",31,"25%",36,"39%"
"Ja Morant",20.2,MEM,Point,1632,68,"52.6%",98,"53%",77,"26%",13,"7%",43,"33%",6,"2%",6,"12%",2,"14%"
"Marcus Morris",30.1,NYK,Forward,1375,59,"54.0%",3,"13%",76,"21%",100,"27%",96,"49%",26,"8%",59,"30%",44,"39%"
"Marcus Morris",30.1,LAC,Big,267,9,"48.3%",1,"12%",65,"20%",98,"23%",94,"43%",82,"14%",73,"31%",78,"45%"
"Markieff Morris",30.1,DET,Big,968,58,"56.4%",16,"25%",64,"20%",75,"9%",69,"29%",83,"14%",74,"32%",79,"46%"
"Monte Morris",24.3,DEN,Point,1249,55,"51.5%",32,"25%",74,"26%",74,"21%",96,"48%",94,"11%",17,"17%",32,"28%"
"Emmanuel Mudiay",23.6,UTA,Point,682,72,"53.0%",70,"36%",89,"29%",47,"13%",77,"42%",72,"8%",11,"14%",17,"22%"
"Mychal Mulder",25.3,GSW,Wing,114,97,"60.8%",19,"16%",16,"8%",17,"3%",10,"11%",97,"29%",84,"45%",95,"74%"
"Dejounte Murray",23.1,SAS,Point,1361,62,"52.0%",83,"39%",64,"22%",81,"23%",89,"45%",60,"6%",2,"10%",9,"16%"
"Jamal Murray",22.6,DEN,Combo,1649,66,"51.1%",35,"25%",47,"18%",97,"24%",85,"42%",16,"4%",45,"29%",31,"33%"
"Dzanan Musa",20.4,BKN,Forward,345,7,"41.7%",86,"45%",26,"8%",19,"2%",17,"10%",24,"8%",79,"36%",61,"45%"
"Mike Muscala",28.3,OKC,Big,438,33,"52.8%",4,"18%",2,"3%",49,"4%",6,"8%",77,"12%",100,"62%",99,"75%"
"Sviatoslav Mykhailiuk",22.3,DET,Forward,1099,79,"55.9%",19,"23%",23,"8%",16,"1%",16,"9%",73,"16%",93,"52%",93,"68%"
"Abdel Nader",26.0,OKC,Forward,636,71,"54.9%",57,"35%",43,"15%",51,"6%",43,"20%",64,"15%",56,"30%",60,"45%"
"Larry Nance Jr.",26.8,CLE,Big,1300,70,"58.9%",47,"44%",28,"13%",72,"8%",44,"22%",74,"10%",64,"25%",63,"35%"
"Shabazz Napier",28.3,MIN,Point,836,23,"49.1%",51,"28%",11,"10%",19,"9%",6,"19%",64,"6%",91,"47%",91,"53%"
"Shabazz Napier",28.3,WAS,Point,250,66,"52.3%",23,"23%",17,"12%",79,"22%",45,"34%",40,"4%",77,"39%",72,"43%"
"Raul Neto",27.4,PHI,Point,461,87,"55.3%",72,"36%",57,"21%",11,"6%",23,"27%",51,"5%",57,"31%",51,"36%"
"Georges Niang",26.3,UTA,Big,658,67,"58.5%",3,"16%",27,"13%",30,"2%",23,"15%",99,"33%",82,"35%",95,"68%"
"Nerlens Noel",25.5,OKC,Big,938,97,"68.9%",79,"67%",67,"22%",79,"11%",74,"32%",25,"1%",0,"0%",14,"1%"
"Jaylen Nowell",20.3,MIN,Combo,111,3,"39.3%",52,"30%",53,"19%",18,"4%",29,"23%",95,"17%",47,"30%",76,"47%"
"Frank Ntilikina",21.2,NYK,Point,1057,9,"45.2%",26,"23%",21,"13%",89,"25%",64,"39%",89,"9%",53,"30%",53,"39%"
"Kendrick Nunn",24.2,MIA,Combo,1685,81,"53.1%",42,"26%",37,"15%",81,"19%",61,"34%",71,"10%",48,"30%",52,"40%"
"David Nwaba",26.7,BKN,Combo,248,95,"60.3%",94,"49%",35,"15%",0,"0%",10,"15%",97,"18%",11,"18%",42,"35%"
"Semi Ojeleye",24.9,BOS,Big,743,19,"50.4%",14,"24%",13,"8%",67,"7%",22,"15%",98,"32%",70,"28%",90,"60%"
"Jahlil Okafor",23.8,NOP,Big,414,82,"61.8%",75,"66%",94,"32%",12,"1%",75,"33%",0,"0%",23,"1%",18,"1%"
"Elie Okobo",22.0,PHX,Combo,620,24,"47.2%",73,"37%",60,"21%",35,"7%",40,"28%",44,"8%",35,"27%",39,"35%"
"Josh Okogie",21.1,MIN,Wing,1382,26,"48.0%",89,"48%",64,"17%",9,"2%",34,"19%",42,"11%",22,"23%",23,"33%"
"Victor Oladipo",27.4,IND,Wing,255,6,"43.5%",58,"31%",49,"14%",73,"14%",65,"29%",6,"4%",56,"36%",40,"40%"
"Kelly Olynyk",28.5,MIA,Big,988,79,"60.2%",14,"25%",18,"10%",65,"7%",26,"17%",75,"10%",96,"48%",88,"58%"
"Royce O'Neale",26.4,UTA,Wing,1729,96,"60.1%",55,"31%",11,"6%",14,"2%",5,"9%",90,"24%",59,"36%",83,"61%"
"Kyle O'Quinn",29.6,PHI,Big,203,20,"50.9%",34,"38%",6,"5%",97,"21%",60,"26%",65,"8%",69,"28%",66,"36%"
"Cedi Osman",24.5,CLE,Forward,1735,66,"54.5%",46,"31%",46,"15%",40,"4%",36,"19%",44,"12%",81,"38%",74,"50%"
"Kelly Oubre",23.8,PHX,Forward,1921,46,"51.3%",73,"40%",67,"19%",60,"6%",61,"26%",34,"10%",29,"23%",29,"34%"
"Jabari Parker",24.6,ATL,Big,832,46,"54.5%",54,"50%",54,"18%",55,"5%",48,"23%",70,"9%",52,"18%",55,"27%"
"Eric Paschall",22.9,GSW,Big,1459,28,"52.2%",46,"43%",75,"23%",89,"16%",86,"39%",47,"5%",43,"13%",43,"18%"
"Anzejs Pasecniks",23.8,WAS,Big,351,27,"52.2%",55,"51%",100,"38%",74,"9%",97,"47%",0,"0%",26,"2%",22,"2%"
"Patrick Patterson",30.6,LAC,Big,515,43,"54.2%",4,"17%",15,"10%",44,"4%",18,"13%",96,"27%",89,"42%",96,"69%"
"Chris Paul",34.4,OKC,Point,1897,91,"55.7%",2,"10%",81,"28%",100,"30%",100,"58%",30,"4%",49,"29%",45,"33%"
"Elfrid Payton",25.6,NYK,Point,1067,6,"44.4%",96,"49%",83,"28%",17,"9%",49,"36%",13,"3%",9,"13%",4,"15%"
"Gary Payton II",26.9,WAS,Forward,365,23,"46.4%",93,"48%",49,"15%",13,"1%",30,"16%",83,"20%",10,"16%",33,"36%"
"Norvel Pelle",26.7,PHI,Big,140,25,"52.0%",97,"89%",20,"11%",0,"0%",13,"11%",0,"0%",0,"0%",0,"0%"
"Theo Pinson",23.9,BKN,Combo,288,2,"35.4%",89,"45%",18,"10%",16,"4%",8,"14%",8,"2%",76,"39%",56,"41%"
"Mason Plumlee",29.6,DEN,Big,807,81,"61.3%",84,"75%",47,"17%",66,"7%",53,"24%",24,"1%",20,"1%",20,"2%"
"Jakob Poeltl",24.0,SAS,Big,959,82,"61.6%",82,"71%",83,"26%",29,"2%",65,"29%",0,"0%",0,"0%",0,"0%"
"Jordan Poole",20.3,GSW,Combo,1101,5,"40.1%",11,"17%",24,"12%",84,"20%",53,"31%",47,"8%",87,"44%",84,"51%"
"Kevin Porter",19.4,CLE,Wing,1067,44,"50.8%",70,"36%",50,"15%",79,"16%",70,"30%",30,"8%",32,"25%",25,"34%"
"Michael Porter",21.3,DEN,Forward,596,86,"57.8%",81,"43%",34,"12%",70,"11%",51,"24%",21,"8%",34,"25%",27,"33%"
"Otto Porter",26.4,CHI,Forward,243,61,"54.2%",17,"22%",74,"21%",80,"13%",83,"34%",37,"11%",74,"34%",63,"45%"
"Bobby Portis",24.7,NYK,Big,1193,16,"49.8%",20,"27%",79,"25%",91,"16%",91,"41%",60,"8%",63,"24%",58,"32%"
"Kristaps Porzingis",24.2,DAL,Big,1443,18,"50.3%",17,"26%",63,"20%",84,"14%",79,"34%",35,"2%",86,"39%",74,"40%"
"Dwight Powell",28.2,DAL,Big,1047,92,"66.4%",86,"75%",14,"9%",13,"1%",11,"10%",46,"5%",40,"10%",38,"15%"
"Norman Powell",26.4,TOR,Wing,1153,94,"59.6%",82,"43%",29,"10%",29,"5%",20,"15%",60,"15%",38,"27%",43,"42%"
"Taurean Prince",25.6,BKN,Big,1735,11,"49.0%",13,"24%",25,"12%",62,"6%",33,"19%",91,"19%",87,"39%",87,"57%"
"Julius Randle",24.9,NYK,Big,1900,11,"49.0%",48,"46%",75,"23%",78,"10%",77,"34%",42,"4%",52,"17%",48,"21%"
"Cameron Reddish",20.1,ATL,Wing,1374,10,"44.3%",54,"30%",57,"16%",66,"12%",59,"28%",59,"14%",39,"27%",42,"42%"
"JJ Redick",35.3,NOP,Wing,1422,93,"59.2%",7,"9%",10,"6%",98,"25%",70,"30%",46,"11%",92,"50%",82,"61%"
"Naz Reid",20.1,MIN,Big,357,13,"49.2%",39,"41%",67,"21%",0,"0%",43,"21%",55,"7%",74,"32%",67,"38%"
"Josh Richardson",26.1,PHI,Combo,1442,52,"49.5%",18,"20%",65,"22%",92,"23%",92,"45%",23,"5%",50,"30%",40,"35%"
"Austin Rivers",27.2,HOU,Wing,1219,60,"53.3%",66,"34%",46,"14%",8,"2%",22,"15%",51,"13%",64,"37%",58,"50%"
"Duncan Robinson",25.5,MIA,Forward,1735,100,"65.8%",1,"9%",0,"2%",24,"2%",1,"4%",90,"22%",99,"64%",99,"87%"
"Jerome Robinson",22.6,WAS,Wing,196,10,"44.1%",39,"23%",44,"13%",91,"21%",84,"34%",70,"18%",30,"25%",44,"43%"
"Jerome Robinson",22.6,LAC,Wing,380,0,"31.9%",30,"18%",67,"17%",69,"13%",71,"31%",57,"14%",61,"37%",63,"51%"
"Mitchell Robinson",21.5,NYK,Big,1218,99,"73.3%",100,"96%",4,"4%",0,"0%",1,"4%",0,"0%",0,"0%",0,"0%"
"Glenn Robinson III",25.8,GSW,Wing,1488,70,"54.8%",46,"26%",81,"21%",90,"21%",93,"42%",50,"12%",19,"20%",18,"32%"
"Glenn Robinson III",25.8,PHI,Forward,147,74,"55.5%",79,"42%",41,"14%",89,"18%",77,"32%",27,"9%",11,"18%",9,"26%"
"Rajon Rondo",33.6,LAL,Point,913,38,"50.0%",77,"38%",32,"15%",38,"11%",19,"26%",81,"8%",47,"28%",49,"36%"
"Derrick Rose",31.0,DET,Point,1279,57,"51.8%",81,"39%",87,"28%",57,"15%",83,"44%",11,"2%",13,"15%",11,"18%"
"Terrence Ross",28.7,ORL,Wing,1583,38,"50.2%",10,"11%",32,"11%",90,"20%",75,"31%",10,"5%",94,"53%",75,"58%"
"Terry Rozier",25.6,CHA,Combo,2018,61,"50.6%",45,"28%",48,"18%",50,"10%",45,"29%",65,"9%",63,"34%",65,"43%"
"Ricky Rubio",29.0,PHX,Point,1679,15,"46.7%",60,"29%",66,"22%",72,"21%",79,"43%",74,"8%",26,"20%",30,"28%"
"D'Angelo Russell",23.6,MIN,Point,264,77,"53.7%",9,"15%",23,"13%",85,"23%",51,"37%",28,"4%",87,"44%",83,"48%"
"D'Angelo Russell",23.6,GSW,Combo,1044,79,"53.0%",2,"8%",85,"27%",79,"19%",97,"45%",21,"5%",84,"42%",74,"46%"
"Domantas Sabonis",23.4,IND,Big,1983,50,"55.1%",69,"61%",57,"18%",83,"14%",74,"32%",21,"1%",32,"6%",30,"7%"
"JaKarr Sampson",26.6,IND,Big,246,74,"59.6%",67,"61%",40,"15%",42,"3%",33,"19%",84,"15%",31,"5%",47,"20%"
"Dario Saric",25.5,PHX,Big,1321,32,"52.8%",35,"38%",24,"12%",64,"7%",35,"19%",66,"8%",80,"35%",76,"43%"
"Tomas Satoransky",28.0,CHI,Combo,1763,50,"49.3%",66,"36%",71,"23%",32,"7%",50,"29%",77,"11%",26,"24%",35,"34%"
"Admiral Schofield",22.5,WAS,Forward,240,34,"49.1%",33,"28%",21,"7%",0,"0%",4,"7%",91,"23%",86,"42%",90,"65%"
"Dennis Schroder",26.1,OKC,Combo,1832,84,"53.9%",47,"28%",42,"17%",94,"23%",79,"39%",15,"3%",44,"29%",27,"32%"
"Mike Scott",31.2,PHI,Big,1009,35,"53.0%",5,"19%",18,"10%",58,"6%",23,"16%",89,"18%",94,"47%",93,"65%"
"Thabo Sefolosha",35.4,HOU,Big,399,6,"45.1%",18,"27%",11,"7%",67,"7%",20,"14%",96,"27%",75,"33%",89,"59%"
"Collin Sexton",20.8,CLE,Point,1930,51,"51.4%",79,"38%",85,"28%",43,"11%",66,"40%",15,"3%",21,"19%",15,"22%"
"Landry Shamet",22.6,LAC,Combo,1194,92,"57.3%",5,"14%",6,"7%",21,"5%",3,"11%",100,"21%",97,"54%",97,"75%"
"Iman Shumpert",29.3,BKN,Forward,239,3,"37.3%",10,"19%",13,"6%",96,"25%",76,"31%",60,"14%",77,"36%",73,"50%"
"Pascal Siakam",25.5,TOR,Forward,1753,49,"52.1%",74,"41%",79,"21%",64,"9%",71,"30%",19,"7%",20,"22%",13,"29%"
"Chris Silva",23.1,MIA,Big,248,72,"58.9%",91,"81%",40,"15%",36,"3%",28,"18%",32,"1%",0,"0%",19,"1%"
"Ben Simmons",23.2,PHI,Point,1928,96,"58.5%",100,"72%",72,"25%",6,"2%",26,"28%",0,"0%",0,"0%",0,"0%"
"Anfernee Simons",20.3,POR,Combo,1252,44,"48.8%",40,"25%",52,"18%",73,"16%",66,"35%",53,"8%",55,"32%",47,"40%"
"Alen Smailagic",19.2,GSW,Big,116,60,"56.6%",50,"47%",71,"22%",63,"7%",68,"29%",68,"9%",48,"16%",52,"24%"
"Marcus Smart",25.6,BOS,Combo,1575,47,"48.9%",10,"15%",58,"21%",37,"7%",44,"28%",63,"9%",90,"48%",90,"57%"
"Ish Smith",31.3,WAS,Point,1504,40,"50.1%",62,"30%",43,"19%",91,"26%",87,"45%",70,"8%",19,"17%",21,"25%"
"Dennis Smith Jr.",21.9,NYK,Point,523,2,"38.4%",74,"38%",36,"17%",77,"22%",62,"38%",36,"4%",23,"19%",19,"24%"
"Tony Snell",27.9,DET,Wing,1513,92,"59.1%",11,"13%",42,"13%",44,"8%",39,"21%",92,"26%",72,"40%",90,"66%"
"Omari Spellman",22.2,GSW,Big,794,28,"52.3%",36,"39%",30,"14%",86,"15%",65,"29%",57,"7%",66,"26%",59,"32%"
"Edmond Sumner",23.8,IND,Wing,256,30,"48.6%",95,"54%",61,"17%",15,"3%",35,"19%",26,"8%",15,"19%",10,"27%"
"Caleb Swanigan",22.5,POR,Big,203,70,"58.8%",77,"67%",85,"28%",36,"3%",71,"31%",37,"3%",0,"0%",24,"3%"
"Jayson Tatum",21.6,BOS,Forward,1891,54,"52.7%",56,"33%",70,"20%",76,"13%",79,"32%",17,"7%",47,"27%",30,"34%"
"Jeff Teague",31.3,ATL,Combo,424,11,"41.3%",60,"34%",98,"37%",58,"13%",98,"51%",3,"1%",6,"14%",2,"15%"
"Jeff Teague",31.3,MIN,Combo,936,55,"50.0%",71,"37%",95,"33%",29,"6%",77,"39%",6,"2%",18,"22%",8,"24%"
"Garrett Temple",33.4,BKN,Wing,1536,33,"49.1%",37,"22%",14,"7%",40,"7%",16,"14%",81,"21%",79,"43%",87,"64%"
"Daniel Theis",27.5,BOS,Big,1267,72,"59.1%",63,"57%",57,"18%",53,"5%",49,"23%",38,"3%",50,"17%",45,"20%"
"Isaiah Thomas",30.7,WAS,Point,921,36,"49.6%",6,"11%",68,"23%",87,"23%",94,"46%",55,"5%",74,"37%",70,"43%"
"Matt Thomas",25.2,TOR,Wing,255,99,"66.9%",3,"6%",22,"9%",86,"18%",50,"26%",89,"24%",82,"44%",92,"68%"
"Tristan Thompson",28.6,CLE,Big,1658,26,"52.1%",64,"58%",97,"36%",35,"3%",85,"38%",23,"1%",28,"3%",25,"3%"
"Matisse Thybulle",22.6,PHI,Wing,1034,49,"51.4%",59,"31%",12,"7%",21,"3%",9,"10%",74,"20%",70,"39%",76,"59%"
"Anthony Tolliver",34.4,POR,Big,514,29,"52.4%",12,"22%",3,"4%",25,"2%",4,"5%",94,"22%",98,"50%",96,"72%"
"Juan Toscano-Anderson",26.5,GSW,Wing,205,46,"51.1%",93,"53%",20,"9%",25,"4%",15,"13%",40,"11%",24,"23%",26,"34%"
"Karl-Anthony Towns",23.9,MIN,Big,1181,77,"60.1%",37,"39%",35,"14%",55,"5%",38,"20%",45,"4%",85,"37%",75,"41%"
"Gary Trent Jr.",20.7,POR,Wing,923,77,"55.9%",15,"15%",38,"12%",82,"16%",61,"28%",68,"17%",70,"39%",72,"56%"
"Allonzo Trier",23.7,NYK,Combo,199,94,"59.0%",37,"25%",16,"9%",87,"20%",48,"29%",50,"8%",74,"38%",71,"46%"
"PJ Tucker",34.4,HOU,Big,2060,62,"56.8%",6,"19%",21,"11%",40,"3%",19,"14%",100,"52%",45,"14%",94,"66%"
"Evan Turner",31.0,ATL,Wing,234,2,"36.9%",65,"34%",100,"37%",94,"23%",100,"60%",1,"3%",2,"3%",0,"6%"
"Myles Turner",23.6,IND,Big,1488,30,"52.4%",23,"31%",55,"18%",81,"11%",67,"29%",57,"7%",78,"34%",75,"41%"
"Jonas Valanciunas",27.4,MEM,Big,1492,77,"60.1%",53,"50%",96,"35%",45,"4%",87,"39%",33,"2%",39,"10%",35,"12%"
"Denzel Valentine",25.9,CHI,Wing,355,63,"53.6%",1,"5%",90,"25%",52,"10%",83,"34%",38,"10%",93,"50%",81,"60%"
"Fred VanVleet",25.6,TOR,Combo,1712,63,"50.6%",76,"38%",15,"9%",44,"8%",13,"17%",48,"8%",69,"37%",68,"45%"
"Noah Vonleh",24.1,MIN,Big,327,60,"56.6%",67,"61%",68,"22%",40,"3%",57,"25%",36,"2%",42,"12%",36,"14%"
"Nikola Vucevic",29.0,ORL,Big,1613,22,"51.3%",26,"32%",91,"30%",81,"11%",92,"41%",28,"1%",67,"26%",55,"27%"
"Moritz Wagner",22.5,WAS,Big,601,83,"61.8%",65,"60%",17,"10%",16,"1%",13,"11%",45,"5%",64,"25%",57,"29%"
"Kemba Walker",29.4,BOS,Point,1488,70,"52.7%",47,"26%",19,"13%",45,"12%",13,"24%",9,"2%",96,"48%",87,"50%"
"Lonnie Walker",20.8,SAS,Wing,685,55,"52.6%",78,"41%",68,"18%",84,"17%",82,"34%",27,"8%",10,"17%",10,"25%"
"Tyrone Wallace",25.3,ATL,Combo,130,0,"34.3%",97,"50%",50,"18%",24,"5%",31,"24%",74,"11%",10,"16%",16,"26%"
"Derrick Walton Jr.",24.5,LAC,Point,161,100,"73.1%",4,"11%",0,"4%",98,"29%",38,"32%",100,"21%",70,"36%",94,"57%"
"Brad Wanamaker",30.2,BOS,Combo,1043,48,"49.3%",81,"39%",84,"27%",45,"10%",71,"37%",0,"1%",21,"23%",10,"24%"
"TJ Warren",26.1,IND,Forward,1876,83,"57.5%",51,"32%",93,"29%",93,"18%",93,"47%",33,"10%",4,"10%",4,"20%"
"PJ Washington",21.1,CHA,Big,1602,31,"52.7%",45,"43%",66,"21%",27,"2%",45,"22%",71,"9%",65,"25%",64,"35%"
"Russell Westbrook",30.9,HOU,Point,1794,28,"49.3%",94,"48%",40,"18%",68,"19%",53,"37%",21,"3%",4,"12%",6,"16%"
"Coby White",19.7,CHI,Combo,1486,32,"48.2%",55,"31%",21,"11%",56,"12%",27,"23%",37,"7%",79,"40%",73,"46%"
"Derrick White",25.3,SAS,Combo,1346,74,"52.6%",63,"35%",76,"23%",55,"11%",65,"34%",27,"5%",31,"25%",23,"30%"
"Hassan Whiteside",30.3,POR,Big,1764,81,"61.3%",70,"62%",89,"29%",74,"9%",83,"38%",0,"0%",21,"1%",16,"1%"
"Andrew Wiggins",24.6,GSW,Forward,293,53,"52.6%",59,"37%",71,"20%",83,"15%",84,"35%",4,"3%",39,"25%",11,"28%"
"Andrew Wiggins",24.6,MIN,Wing,1443,40,"50.4%",64,"34%",88,"24%",60,"11%",85,"35%",9,"4%",37,"27%",16,"31%"
"Grant Williams",20.9,BOS,Big,847,10,"48.4%",41,"41%",43,"16%",43,"3%",37,"19%",92,"20%",57,"20%",70,"40%"
"Johnathan Williams",24.4,WAS,Big,113,86,"63.2%",62,"57%",60,"19%",95,"19%",84,"38%",48,"5%",0,"0%",28,"5%"
"Kenrich Williams",24.9,NOP,Big,756,3,"44.2%",16,"25%",8,"6%",19,"1%",6,"8%",97,"32%",82,"35%",94,"67%"
"Lou Williams",33.0,LAC,Combo,1671,34,"48.5%",34,"24%",81,"25%",90,"20%",94,"45%",40,"7%",23,"23%",24,"31%"
"Marvin Williams",33.3,CHA,Big,804,52,"55.8%",3,"17%",77,"24%",50,"4%",65,"29%",90,"18%",83,"36%",86,"54%"
"Marvin Williams",33.3,MIL,Big,122,45,"54.3%",10,"22%",4,"4%",0,"0%",2,"4%",99,"43%",72,"30%",98,"74%"
"Robert Williams",22.0,BOS,Big,270,96,"68.6%",93,"85%",14,"9%",56,"5%",21,"15%",0,"0%",0,"0%",0,"0%"
"Zion Williamson",19.3,NOP,Big,460,75,"59.7%",96,"88%",10,"7%",19,"1%",8,"8%",18,"0%",30,"4%",26,"4%"
"D.J. Wilson",23.6,MIL,Big,133,33,"52.9%",18,"26%",6,"6%",57,"6%",14,"11%",88,"17%",92,"46%",91,"63%"
"Justise Winslow",23.6,MIA,Combo,338,6,"40.3%",65,"36%",94,"33%",53,"11%",89,"44%",34,"6%",8,"14%",6,"20%"
"Christian Wood",24.0,DET,Big,1122,78,"60.1%",57,"53%",48,"17%",62,"6%",52,"24%",63,"8%",49,"16%",50,"23%"
"Delon Wright",27.5,DAL,Combo,1251,69,"52.1%",92,"48%",66,"23%",15,"4%",35,"26%",24,"5%",15,"21%",15,"26%"
"Thaddeus Young",31.3,CHI,Big,1472,24,"51.7%",36,"39%",69,"22%",46,"4%",59,"25%",86,"16%",56,"19%",65,"35%"
"Trae Young",21.1,ATL,Point,1973,53,"51.4%",19,"21%",79,"27%",30,"10%",55,"37%",2,"1%",81,"40%",68,"42%"
"Cody Zeller",27.0,CHA,Big,1234,42,"54.1%",79,"68%",47,"17%",11,"1%",28,"17%",26,"1%",44,"14%",37,"14%"
"Ante Zizic",22.8,CLE,Big,152,79,"60.9%",77,"67%",95,"33%",0,"0%",76,"33%",0,"0%",0,"0%",0,"0%"
"Ivica Zubac",22.6,LAC,Big,1085,73,"59.1%",87,"77%",50,"17%",52,"5%",45,"22%",0,"0%",18,"1%",11,"1%"